r,c,ndvi
0.0,0.0,0.687
0.0,1.0,0.684
0.0,2.0,0.65
0.0,3.0,0.648
0.0,4.0,0.703
0.0,5.0,0.546
0.0,6.0,0.697
0.0,7.0,0.721
0.0,8.0,0.691
0.0,9.0,0.584
0.0,10.0,0.643
0.0,11.0,0.658
0.0,12.0,0.664
0.0,13.0,0.522
0.0,14.0,0.727
0.0,15.0,0.621
0.0,16.0,0.573
0.0,17.0,0.437
0.0,18.0,0.656
0.0,19.0,0.635
0.0,20.0,0.454
0.0,21.0,0.559
0.0,22.0,0.709
0.0,23.0,0.525
0.0,24.0,0.457
0.0,25.0,0.469
0.0,26.0,0.516
0.0,27.0,0.482
0.0,28.0,0.455
0.0,29.0,0.36
0.0,30.0,0.393
0.0,31.0,0.379
0.0,32.0,-0.13
0.0,33.0,0.427
0.0,34.0,0.267
0.0,35.0,0.312
0.0,36.0,0.402
0.0,37.0,0.245
0.0,38.0,0.412
0.0,39.0,0.407
0.0,40.0,0.412
0.0,41.0,0.496
0.0,42.0,0.542
0.0,43.0,0.312
0.0,44.0,0.723
0.0,45.0,0.395
0.0,46.0,0.31
0.0,47.0,0.545
0.0,48.0,0.392
0.0,49.0,0.397
0.0,50.0,0.526
0.0,51.0,0.386
0.0,52.0,0.339
0.0,53.0,0.502
0.0,54.0,0.6
0.0,55.0,0.672
0.0,56.0,0.548
0.0,57.0,0.429
0.0,58.0,0.417
0.0,59.0,0.585
1.0,0.0,0.746
1.0,1.0,0.603
1.0,2.0,0.58
1.0,3.0,0.649
1.0,4.0,0.72
1.0,5.0,0.629
1.0,6.0,0.503
1.0,7.0,0.585
1.0,8.0,0.676
1.0,9.0,0.699
1.0,10.0,0.751
1.0,11.0,0.469
1.0,12.0,0.622
1.0,13.0,0.691
1.0,14.0,0.672
1.0,15.0,0.622
1.0,16.0,0.533
1.0,17.0,0.459
1.0,18.0,0.343
1.0,19.0,0.69
1.0,20.0,0.509
1.0,21.0,0.632
1.0,22.0,0.64
1.0,23.0,0.578
1.0,24.0,0.655
1.0,25.0,0.616
1.0,26.0,0.288
1.0,27.0,0.536
1.0,28.0,0.388
1.0,29.0,0.427
1.0,30.0,0.463
1.0,31.0,0.334
1.0,32.0,-0.14
1.0,33.0,0.4
1.0,34.0,0.231
1.0,35.0,0.371
1.0,36.0,0.418
1.0,37.0,0.662
1.0,38.0,0.237
1.0,39.0,0.343
1.0,40.0,0.32
1.0,41.0,0.352
1.0,42.0,0.608
1.0,43.0,0.388
1.0,44.0,0.517
1.0,45.0,0.45
1.0,46.0,0.452
1.0,47.0,0.367
1.0,48.0,0.385
1.0,49.0,0.396
1.0,50.0,0.379
1.0,51.0,0.252
1.0,52.0,0.269
1.0,53.0,0.346
1.0,54.0,0.403
1.0,55.0,0.423
1.0,56.0,0.475
1.0,57.0,0.451
1.0,58.0,0.486
1.0,59.0,0.488
2.0,0.0,0.471
2.0,1.0,0.632
2.0,2.0,0.614
2.0,3.0,0.699
2.0,4.0,0.622
2.0,5.0,0.617
2.0,6.0,0.665
2.0,7.0,0.695
2.0,8.0,0.654
2.0,9.0,0.6
2.0,10.0,0.69
2.0,11.0,0.618
2.0,12.0,0.616
2.0,13.0,0.609
2.0,14.0,0.651
2.0,15.0,0.67
2.0,16.0,0.549
2.0,17.0,0.577
2.0,18.0,0.472
2.0,19.0,0.255
2.0,20.0,0.369
2.0,21.0,0.491
2.0,22.0,0.644
2.0,23.0,0.598
2.0,24.0,0.607
2.0,25.0,0.65
2.0,26.0,0.435
2.0,27.0,0.56
2.0,28.0,0.481
2.0,29.0,0.437
2.0,30.0,0.364
2.0,31.0,0.438
2.0,32.0,-0.11
2.0,33.0,0.393
2.0,34.0,0.547
2.0,35.0,0.402
2.0,36.0,0.318
2.0,37.0,0.331
2.0,38.0,0.392
2.0,39.0,0.63
2.0,40.0,0.634
2.0,41.0,0.378
2.0,42.0,0.337
2.0,43.0,0.381
2.0,44.0,0.485
2.0,45.0,0.444
2.0,46.0,0.515
2.0,47.0,0.403
2.0,48.0,0.34
2.0,49.0,0.322
2.0,50.0,0.398
2.0,51.0,0.56
2.0,52.0,0.437
2.0,53.0,0.386
2.0,54.0,0.391
2.0,55.0,0.518
2.0,56.0,0.669
2.0,57.0,0.509
2.0,58.0,0.647
2.0,59.0,0.652
3.0,0.0,0.478
3.0,1.0,0.648
3.0,2.0,0.689
3.0,3.0,0.673
3.0,4.0,0.716
3.0,5.0,0.632
3.0,6.0,0.623
3.0,7.0,0.555
3.0,8.0,0.654
3.0,9.0,0.592
3.0,10.0,0.641
3.0,11.0,0.693
3.0,12.0,0.634
3.0,13.0,0.558
3.0,14.0,0.656
3.0,15.0,0.565
3.0,16.0,0.422
3.0,17.0,0.359
3.0,18.0,0.375
3.0,19.0,0.473
3.0,20.0,0.702
3.0,21.0,0.473
3.0,22.0,0.629
3.0,23.0,0.719
3.0,24.0,0.739
3.0,25.0,0.361
3.0,26.0,0.258
3.0,27.0,0.322
3.0,28.0,0.266
3.0,29.0,0.261
3.0,30.0,0.296
3.0,31.0,-0.087
3.0,32.0,-0.196
3.0,33.0,0.424
3.0,34.0,0.339
3.0,35.0,0.277
3.0,36.0,0.296
3.0,37.0,0.314
3.0,38.0,0.341
3.0,39.0,0.367
3.0,40.0,0.335
3.0,41.0,0.423
3.0,42.0,0.669
3.0,43.0,0.564
3.0,44.0,0.703
3.0,45.0,0.58
3.0,46.0,0.508
3.0,47.0,0.435
3.0,48.0,0.37
3.0,49.0,0.497
3.0,50.0,0.492
3.0,51.0,0.579
3.0,52.0,0.32
3.0,53.0,0.359
3.0,54.0,0.571
3.0,55.0,0.557
3.0,56.0,0.62
3.0,57.0,0.498
3.0,58.0,0.469
3.0,59.0,0.487
4.0,0.0,0.715
4.0,1.0,0.51
4.0,2.0,0.722
4.0,3.0,0.656
4.0,4.0,0.688
4.0,5.0,0.692
4.0,6.0,0.611
4.0,7.0,0.736
4.0,8.0,0.434
4.0,9.0,0.611
4.0,10.0,0.666
4.0,11.0,0.658
4.0,12.0,0.677
4.0,13.0,0.641
4.0,14.0,0.595
4.0,15.0,0.52
4.0,16.0,0.457
4.0,17.0,0.483
4.0,18.0,0.599
4.0,19.0,0.481
4.0,20.0,0.23
4.0,21.0,0.424
4.0,22.0,0.742
4.0,23.0,0.562
4.0,24.0,0.703
4.0,25.0,0.657
4.0,26.0,0.234
4.0,27.0,0.639
4.0,28.0,0.226
4.0,29.0,0.334
4.0,30.0,0.295
4.0,31.0,-0.162
4.0,32.0,-0.178
4.0,33.0,0.19
4.0,34.0,0.188
4.0,35.0,0.31
4.0,36.0,0.372
4.0,37.0,0.34
4.0,38.0,0.697
4.0,39.0,0.475
4.0,40.0,0.356
4.0,41.0,0.342
4.0,42.0,0.689
4.0,43.0,0.751
4.0,44.0,0.41
4.0,45.0,0.611
4.0,46.0,0.475
4.0,47.0,0.522
4.0,48.0,0.354
4.0,49.0,0.37
4.0,50.0,0.507
4.0,51.0,0.446
4.0,52.0,0.394
4.0,53.0,0.443
4.0,54.0,0.759
4.0,55.0,0.615
4.0,56.0,0.547
4.0,57.0,0.565
4.0,58.0,0.45
4.0,59.0,0.504
5.0,0.0,0.729
5.0,1.0,0.654
5.0,2.0,0.688
5.0,3.0,0.651
5.0,4.0,0.57
5.0,5.0,0.396
5.0,6.0,0.533
5.0,7.0,0.612
5.0,8.0,0.78
5.0,9.0,0.64
5.0,10.0,0.715
5.0,11.0,0.698
5.0,12.0,0.712
5.0,13.0,0.629
5.0,14.0,0.631
5.0,15.0,0.483
5.0,16.0,0.508
5.0,17.0,0.476
5.0,18.0,0.392
5.0,19.0,0.408
5.0,20.0,0.291
5.0,21.0,0.486
5.0,22.0,0.338
5.0,23.0,0.492
5.0,24.0,0.565
5.0,25.0,0.48
5.0,26.0,0.546
5.0,27.0,0.363
5.0,28.0,0.289
5.0,29.0,0.274
5.0,30.0,0.189
5.0,31.0,-0.181
5.0,32.0,0.542
5.0,33.0,0.204
5.0,34.0,0.419
5.0,35.0,0.449
5.0,36.0,0.288
5.0,37.0,0.33
5.0,38.0,0.341
5.0,39.0,0.485
5.0,40.0,0.309
5.0,41.0,0.477
5.0,42.0,0.415
5.0,43.0,0.768
5.0,44.0,0.692
5.0,45.0,0.369
5.0,46.0,0.448
5.0,47.0,0.451
5.0,48.0,0.431
5.0,49.0,0.523
5.0,50.0,0.375
5.0,51.0,0.482
5.0,52.0,0.472
5.0,53.0,0.421
5.0,54.0,0.586
5.0,55.0,0.648
5.0,56.0,0.525
5.0,57.0,0.552
5.0,58.0,0.455
5.0,59.0,0.516
6.0,0.0,0.706
6.0,1.0,0.65
6.0,2.0,0.634
6.0,3.0,0.636
6.0,4.0,0.618
6.0,5.0,0.476
6.0,6.0,0.678
6.0,7.0,0.663
6.0,8.0,0.682
6.0,9.0,0.67
6.0,10.0,0.632
6.0,11.0,0.769
6.0,12.0,0.648
6.0,13.0,0.696
6.0,14.0,0.716
6.0,15.0,0.68
6.0,16.0,0.646
6.0,17.0,0.664
6.0,18.0,0.664
6.0,19.0,0.371
6.0,20.0,0.497
6.0,21.0,0.656
6.0,22.0,0.719
6.0,23.0,0.543
6.0,24.0,0.753
6.0,25.0,0.486
6.0,26.0,0.391
6.0,27.0,0.261
6.0,28.0,0.333
6.0,29.0,0.282
6.0,30.0,-0.121
6.0,31.0,-0.16
6.0,32.0,0.344
6.0,33.0,0.346
6.0,34.0,0.271
6.0,35.0,0.334
6.0,36.0,0.291
6.0,37.0,0.482
6.0,38.0,0.53
6.0,39.0,0.286
6.0,40.0,0.369
6.0,41.0,0.44
6.0,42.0,0.384
6.0,43.0,0.423
6.0,44.0,0.524
6.0,45.0,0.58
6.0,46.0,0.367
6.0,47.0,0.454
6.0,48.0,0.402
6.0,49.0,0.301
6.0,50.0,0.497
6.0,51.0,0.431
6.0,52.0,0.513
6.0,53.0,0.559
6.0,54.0,0.665
6.0,55.0,0.603
6.0,56.0,0.583
6.0,57.0,0.7
6.0,58.0,0.598
6.0,59.0,0.63
7.0,0.0,0.679
7.0,1.0,0.621
7.0,2.0,0.59
7.0,3.0,0.675
7.0,4.0,0.672
7.0,5.0,0.713
7.0,6.0,0.743
7.0,7.0,0.631
7.0,8.0,0.457
7.0,9.0,0.697
7.0,10.0,0.677
7.0,11.0,0.689
7.0,12.0,0.694
7.0,13.0,0.677
7.0,14.0,0.668
7.0,15.0,0.593
7.0,16.0,0.71
7.0,17.0,0.656
7.0,18.0,0.73
7.0,19.0,0.494
7.0,20.0,0.541
7.0,21.0,0.543
7.0,22.0,0.675
7.0,23.0,0.566
7.0,24.0,0.759
7.0,25.0,0.397
7.0,26.0,0.238
7.0,27.0,0.409
7.0,28.0,0.497
7.0,29.0,0.284
7.0,30.0,-0.143
7.0,31.0,0.356
7.0,32.0,0.364
7.0,33.0,0.259
7.0,34.0,0.277
7.0,35.0,0.286
7.0,36.0,0.276
7.0,37.0,0.284
7.0,38.0,0.277
7.0,39.0,0.361
7.0,40.0,0.373
7.0,41.0,0.452
7.0,42.0,0.37
7.0,43.0,0.329
7.0,44.0,0.314
7.0,45.0,0.327
7.0,46.0,0.553
7.0,47.0,0.477
7.0,48.0,0.488
7.0,49.0,0.581
7.0,50.0,0.437
7.0,51.0,0.576
7.0,52.0,0.529
7.0,53.0,0.507
7.0,54.0,0.674
7.0,55.0,0.661
7.0,56.0,0.601
7.0,57.0,0.519
7.0,58.0,0.722
7.0,59.0,0.581
8.0,0.0,0.641
8.0,1.0,0.649
8.0,2.0,0.635
8.0,3.0,0.689
8.0,4.0,0.677
8.0,5.0,0.727
8.0,6.0,0.711
8.0,7.0,0.692
8.0,8.0,0.63
8.0,9.0,0.751
8.0,10.0,0.748
8.0,11.0,0.657
8.0,12.0,0.62
8.0,13.0,0.606
8.0,14.0,0.743
8.0,15.0,0.586
8.0,16.0,0.728
8.0,17.0,0.601
8.0,18.0,0.668
8.0,19.0,0.755
8.0,20.0,0.768
8.0,21.0,0.45
8.0,22.0,0.354
8.0,23.0,0.32
8.0,24.0,0.489
8.0,25.0,0.382
8.0,26.0,0.404
8.0,27.0,0.594
8.0,28.0,0.37
8.0,29.0,0.263
8.0,30.0,-0.15
8.0,31.0,0.363
8.0,32.0,0.305
8.0,33.0,0.154
8.0,34.0,0.51
8.0,35.0,0.334
8.0,36.0,0.393
8.0,37.0,0.338
8.0,38.0,0.268
8.0,39.0,0.315
8.0,40.0,0.421
8.0,41.0,0.306
8.0,42.0,0.35
8.0,43.0,0.397
8.0,44.0,0.363
8.0,45.0,0.346
8.0,46.0,0.416
8.0,47.0,0.553
8.0,48.0,0.322
8.0,49.0,0.462
8.0,50.0,0.488
8.0,51.0,0.675
8.0,52.0,0.578
8.0,53.0,0.298
8.0,54.0,0.616
8.0,55.0,0.612
8.0,56.0,0.669
8.0,57.0,0.616
8.0,58.0,0.575
8.0,59.0,0.526
9.0,0.0,0.661
9.0,1.0,0.677
9.0,2.0,0.581
9.0,3.0,0.676
9.0,4.0,0.703
9.0,5.0,0.773
9.0,6.0,0.623
9.0,7.0,0.666
9.0,8.0,0.742
9.0,9.0,0.606
9.0,10.0,0.684
9.0,11.0,0.63
9.0,12.0,0.627
9.0,13.0,0.661
9.0,14.0,0.731
9.0,15.0,0.626
9.0,16.0,0.672
9.0,17.0,0.554
9.0,18.0,0.59
9.0,19.0,0.197
9.0,20.0,0.717
9.0,21.0,0.338
9.0,22.0,0.658
9.0,23.0,0.466
9.0,24.0,0.39
9.0,25.0,0.242
9.0,26.0,0.504
9.0,27.0,0.365
9.0,28.0,0.258
9.0,29.0,0.351
9.0,30.0,-0.143
9.0,31.0,0.398
9.0,32.0,0.346
9.0,33.0,0.453
9.0,34.0,0.344
9.0,35.0,0.229
9.0,36.0,0.329
9.0,37.0,0.305
9.0,38.0,0.531
9.0,39.0,0.388
9.0,40.0,0.35
9.0,41.0,0.331
9.0,42.0,0.439
9.0,43.0,0.334
9.0,44.0,0.473
9.0,45.0,0.432
9.0,46.0,0.458
9.0,47.0,0.506
9.0,48.0,0.144
9.0,49.0,0.519
9.0,50.0,0.652
9.0,51.0,0.708
9.0,52.0,0.696
9.0,53.0,0.657
9.0,54.0,0.72
9.0,55.0,0.675
9.0,56.0,0.449
9.0,57.0,0.605
9.0,58.0,0.644
9.0,59.0,0.6
10.0,0.0,0.663
10.0,1.0,0.621
10.0,2.0,0.513
10.0,3.0,0.699
10.0,4.0,0.68
10.0,5.0,0.677
10.0,6.0,0.766
10.0,7.0,0.718
10.0,8.0,0.648
10.0,9.0,0.756
10.0,10.0,0.569
10.0,11.0,0.732
10.0,12.0,0.605
10.0,13.0,0.615
10.0,14.0,0.633
10.0,15.0,0.698
10.0,16.0,0.344
10.0,17.0,0.61
10.0,18.0,0.73
10.0,19.0,0.614
10.0,20.0,0.258
10.0,21.0,0.451
10.0,22.0,0.735
10.0,23.0,0.495
10.0,24.0,0.723
10.0,25.0,0.412
10.0,26.0,0.296
10.0,27.0,0.307
10.0,28.0,0.343
10.0,29.0,0.333
10.0,30.0,-0.121
10.0,31.0,-0.137
10.0,32.0,0.249
10.0,33.0,0.329
10.0,34.0,0.228
10.0,35.0,0.409
10.0,36.0,0.317
10.0,37.0,0.425
10.0,38.0,0.622
10.0,39.0,0.364
10.0,40.0,0.48
10.0,41.0,0.334
10.0,42.0,0.503
10.0,43.0,0.296
10.0,44.0,0.494
10.0,45.0,0.235
10.0,46.0,0.22
10.0,47.0,0.429
10.0,48.0,0.293
10.0,49.0,0.499
10.0,50.0,0.582
10.0,51.0,0.639
10.0,52.0,0.483
10.0,53.0,0.438
10.0,54.0,0.486
10.0,55.0,0.579
10.0,56.0,0.603
10.0,57.0,0.616
10.0,58.0,0.554
10.0,59.0,0.522
11.0,0.0,0.676
11.0,1.0,0.66
11.0,2.0,0.664
11.0,3.0,0.735
11.0,4.0,0.718
11.0,5.0,0.711
11.0,6.0,0.784
11.0,7.0,0.634
11.0,8.0,0.684
11.0,9.0,0.758
11.0,10.0,0.733
11.0,11.0,0.558
11.0,12.0,0.604
11.0,13.0,0.686
11.0,14.0,0.734
11.0,15.0,0.693
11.0,16.0,0.537
11.0,17.0,0.595
11.0,18.0,0.646
11.0,19.0,0.667
11.0,20.0,0.627
11.0,21.0,0.279
11.0,22.0,0.652
11.0,23.0,0.672
11.0,24.0,0.57
11.0,25.0,0.508
11.0,26.0,0.339
11.0,27.0,0.363
11.0,28.0,0.425
11.0,29.0,0.379
11.0,30.0,0.568
11.0,31.0,-0.146
11.0,32.0,0.161
11.0,33.0,0.34
11.0,34.0,0.237
11.0,35.0,0.512
11.0,36.0,0.239
11.0,37.0,0.269
11.0,38.0,0.295
11.0,39.0,0.708
11.0,40.0,0.305
11.0,41.0,0.308
11.0,42.0,0.312
11.0,43.0,0.272
11.0,44.0,0.362
11.0,45.0,0.245
11.0,46.0,0.455
11.0,47.0,0.205
11.0,48.0,0.515
11.0,49.0,0.509
11.0,50.0,0.409
11.0,51.0,0.436
11.0,52.0,0.328
11.0,53.0,0.547
11.0,54.0,0.49
11.0,55.0,0.537
11.0,56.0,0.575
11.0,57.0,0.607
11.0,58.0,0.615
11.0,59.0,0.501
12.0,0.0,0.653
12.0,1.0,0.767
12.0,2.0,0.699
12.0,3.0,0.693
12.0,4.0,0.493
12.0,5.0,0.555
12.0,6.0,0.71
12.0,7.0,0.725
12.0,8.0,0.72
12.0,9.0,0.711
12.0,10.0,0.703
12.0,11.0,0.661
12.0,12.0,0.747
12.0,13.0,0.676
12.0,14.0,0.626
12.0,15.0,0.764
12.0,16.0,0.741
12.0,17.0,0.473
12.0,18.0,0.462
12.0,19.0,0.697
12.0,20.0,0.364
12.0,21.0,0.485
12.0,22.0,0.587
12.0,23.0,0.671
12.0,24.0,0.63
12.0,25.0,0.7
12.0,26.0,0.519
12.0,27.0,0.545
12.0,28.0,0.292
12.0,29.0,0.324
12.0,30.0,0.253
12.0,31.0,-0.187
12.0,32.0,0.465
12.0,33.0,0.234
12.0,34.0,0.324
12.0,35.0,0.244
12.0,36.0,0.275
12.0,37.0,0.277
12.0,38.0,0.414
12.0,39.0,0.561
12.0,40.0,0.51
12.0,41.0,0.334
12.0,42.0,0.417
12.0,43.0,0.412
12.0,44.0,0.133
12.0,45.0,0.695
12.0,46.0,0.302
12.0,47.0,0.159
12.0,48.0,0.166
12.0,49.0,0.339
12.0,50.0,0.324
12.0,51.0,0.42
12.0,52.0,0.247
12.0,53.0,0.579
12.0,54.0,0.645
12.0,55.0,0.584
12.0,56.0,0.604
12.0,57.0,0.497
12.0,58.0,0.541
12.0,59.0,0.578
13.0,0.0,0.631
13.0,1.0,0.653
13.0,2.0,0.529
13.0,3.0,0.502
13.0,4.0,0.539
13.0,5.0,0.694
13.0,6.0,0.655
13.0,7.0,0.738
13.0,8.0,0.652
13.0,9.0,0.615
13.0,10.0,0.748
13.0,11.0,0.763
13.0,12.0,0.592
13.0,13.0,0.608
13.0,14.0,0.703
13.0,15.0,0.622
13.0,16.0,0.614
13.0,17.0,0.699
13.0,18.0,0.65
13.0,19.0,0.573
13.0,20.0,0.323
13.0,21.0,0.793
13.0,22.0,0.742
13.0,23.0,0.73
13.0,24.0,0.416
13.0,25.0,0.484
13.0,26.0,0.692
13.0,27.0,0.7
13.0,28.0,0.575
13.0,29.0,0.344
13.0,30.0,0.232
13.0,31.0,-0.145
13.0,32.0,-0.172
13.0,33.0,0.232
13.0,34.0,0.238
13.0,35.0,0.229
13.0,36.0,0.358
13.0,37.0,0.254
13.0,38.0,0.59
13.0,39.0,0.29
13.0,40.0,0.378
13.0,41.0,0.268
13.0,42.0,0.245
13.0,43.0,0.475
13.0,44.0,0.513
13.0,45.0,0.46
13.0,46.0,0.286
13.0,47.0,0.321
13.0,48.0,0.409
13.0,49.0,0.575
13.0,50.0,0.29
13.0,51.0,0.203
13.0,52.0,0.308
13.0,53.0,0.277
13.0,54.0,0.46
13.0,55.0,0.456
13.0,56.0,0.444
13.0,57.0,0.495
13.0,58.0,0.641
13.0,59.0,0.549
14.0,0.0,0.721
14.0,1.0,0.549
14.0,2.0,0.687
14.0,3.0,0.604
14.0,4.0,0.691
14.0,5.0,0.578
14.0,6.0,0.606
14.0,7.0,0.677
14.0,8.0,0.505
14.0,9.0,0.665
14.0,10.0,0.684
14.0,11.0,0.702
14.0,12.0,0.688
14.0,13.0,0.652
14.0,14.0,0.706
14.0,15.0,0.558
14.0,16.0,0.72
14.0,17.0,0.636
14.0,18.0,0.4
14.0,19.0,0.459
14.0,20.0,0.7
14.0,21.0,0.429
14.0,22.0,0.497
14.0,23.0,0.665
14.0,24.0,0.569
14.0,25.0,0.493
14.0,26.0,0.298
14.0,27.0,0.378
14.0,28.0,0.202
14.0,29.0,0.391
14.0,30.0,0.329
14.0,31.0,0.345
14.0,32.0,-0.156
14.0,33.0,0.385
14.0,34.0,0.49
14.0,35.0,0.231
14.0,36.0,0.495
14.0,37.0,0.33
14.0,38.0,0.388
14.0,39.0,0.442
14.0,40.0,0.26
14.0,41.0,0.736
14.0,42.0,0.34
14.0,43.0,0.325
14.0,44.0,0.307
14.0,45.0,0.217
14.0,46.0,0.258
14.0,47.0,0.323
14.0,48.0,0.474
14.0,49.0,0.379
14.0,50.0,0.648
14.0,51.0,0.504
14.0,52.0,0.303
14.0,53.0,0.521
14.0,54.0,0.467
14.0,55.0,0.492
14.0,56.0,0.422
14.0,57.0,0.318
14.0,58.0,0.502
14.0,59.0,0.457
15.0,0.0,0.748
15.0,1.0,0.648
15.0,2.0,0.728
15.0,3.0,0.636
15.0,4.0,0.771
15.0,5.0,0.71
15.0,6.0,0.77
15.0,7.0,0.62
15.0,8.0,0.527
15.0,9.0,0.669
15.0,10.0,0.6
15.0,11.0,0.541
15.0,12.0,0.507
15.0,13.0,0.767
15.0,14.0,0.636
15.0,15.0,0.607
15.0,16.0,0.748
15.0,17.0,0.613
15.0,18.0,0.48
15.0,19.0,0.49
15.0,20.0,0.759
15.0,21.0,0.691
15.0,22.0,0.592
15.0,23.0,0.535
15.0,24.0,0.395
15.0,25.0,0.278
15.0,26.0,0.44
15.0,27.0,0.313
15.0,28.0,0.569
15.0,29.0,0.612
15.0,30.0,0.312
15.0,31.0,0.48
15.0,32.0,-0.175
15.0,33.0,0.606
15.0,34.0,0.397
15.0,35.0,0.392
15.0,36.0,0.27
15.0,37.0,0.267
15.0,38.0,0.24
15.0,39.0,0.227
15.0,40.0,0.234
15.0,41.0,0.454
15.0,42.0,0.28
15.0,43.0,0.285
15.0,44.0,0.314
15.0,45.0,0.312
15.0,46.0,0.37
15.0,47.0,0.327
15.0,48.0,0.552
15.0,49.0,0.488
15.0,50.0,0.685
15.0,51.0,0.431
15.0,52.0,0.666
15.0,53.0,0.661
15.0,54.0,0.543
15.0,55.0,0.478
15.0,56.0,0.594
15.0,57.0,0.478
15.0,58.0,0.441
15.0,59.0,0.387
16.0,0.0,0.699
16.0,1.0,0.681
16.0,2.0,0.734
16.0,3.0,0.645
16.0,4.0,0.719
16.0,5.0,0.762
16.0,6.0,0.756
16.0,7.0,0.687
16.0,8.0,0.514
16.0,9.0,0.521
16.0,10.0,0.448
16.0,11.0,0.506
16.0,12.0,0.584
16.0,13.0,0.442
16.0,14.0,0.445
16.0,15.0,0.522
16.0,16.0,0.319
16.0,17.0,0.58
16.0,18.0,0.733
16.0,19.0,0.69
16.0,20.0,0.42
16.0,21.0,0.382
16.0,22.0,0.503
16.0,23.0,0.425
16.0,24.0,0.558
16.0,25.0,0.32
16.0,26.0,0.3
16.0,27.0,0.584
16.0,28.0,0.244
16.0,29.0,0.295
16.0,30.0,0.215
16.0,31.0,0.212
16.0,32.0,-0.184
16.0,33.0,-0.098
16.0,34.0,0.328
16.0,35.0,0.259
16.0,36.0,0.438
16.0,37.0,0.336
16.0,38.0,0.397
16.0,39.0,0.226
16.0,40.0,0.283
16.0,41.0,0.282
16.0,42.0,0.222
16.0,43.0,0.526
16.0,44.0,0.306
16.0,45.0,0.374
16.0,46.0,0.465
16.0,47.0,0.244
16.0,48.0,0.431
16.0,49.0,0.481
16.0,50.0,0.644
16.0,51.0,0.348
16.0,52.0,0.38
16.0,53.0,0.653
16.0,54.0,0.186
16.0,55.0,0.699
16.0,56.0,0.667
16.0,57.0,0.653
16.0,58.0,0.473
16.0,59.0,0.597
17.0,0.0,0.625
17.0,1.0,0.677
17.0,2.0,0.589
17.0,3.0,0.618
17.0,4.0,0.689
17.0,5.0,0.539
17.0,6.0,0.573
17.0,7.0,0.633
17.0,8.0,0.427
17.0,9.0,0.604
17.0,10.0,0.716
17.0,11.0,0.544
17.0,12.0,0.511
17.0,13.0,0.386
17.0,14.0,0.27
17.0,15.0,0.544
17.0,16.0,0.436
17.0,17.0,0.319
17.0,18.0,0.768
17.0,19.0,0.667
17.0,20.0,0.418
17.0,21.0,0.399
17.0,22.0,0.362
17.0,23.0,0.531
17.0,24.0,0.342
17.0,25.0,0.29
17.0,26.0,0.247
17.0,27.0,0.197
17.0,28.0,0.273
17.0,29.0,0.431
17.0,30.0,0.301
17.0,31.0,0.397
17.0,32.0,-0.155
17.0,33.0,-0.181
17.0,34.0,0.249
17.0,35.0,0.279
17.0,36.0,0.259
17.0,37.0,0.25
17.0,38.0,0.358
17.0,39.0,0.254
17.0,40.0,0.305
17.0,41.0,0.379
17.0,42.0,0.188
17.0,43.0,0.371
17.0,44.0,0.267
17.0,45.0,0.218
17.0,46.0,0.262
17.0,47.0,0.27
17.0,48.0,0.58
17.0,49.0,0.219
17.0,50.0,0.592
17.0,51.0,0.424
17.0,52.0,0.564
17.0,53.0,0.537
17.0,54.0,0.495
17.0,55.0,0.347
17.0,56.0,0.651
17.0,57.0,0.626
17.0,58.0,0.653
17.0,59.0,0.512
18.0,0.0,0.648
18.0,1.0,0.622
18.0,2.0,0.562
18.0,3.0,0.642
18.0,4.0,0.675
18.0,5.0,0.554
18.0,6.0,0.292
18.0,7.0,0.65
18.0,8.0,0.734
18.0,9.0,0.451
18.0,10.0,0.659
18.0,11.0,0.577
18.0,12.0,0.432
18.0,13.0,0.334
18.0,14.0,0.305
18.0,15.0,0.407
18.0,16.0,0.303
18.0,17.0,0.639
18.0,18.0,0.569
18.0,19.0,0.391
18.0,20.0,0.435
18.0,21.0,0.463
18.0,22.0,0.453
18.0,23.0,0.354
18.0,24.0,0.279
18.0,25.0,0.704
18.0,26.0,0.255
18.0,27.0,0.323
18.0,28.0,0.211
18.0,29.0,0.332
18.0,30.0,0.252
18.0,31.0,-0.198
18.0,32.0,-0.207
18.0,33.0,0.356
18.0,34.0,0.202
18.0,35.0,0.337
18.0,36.0,0.477
18.0,37.0,0.526
18.0,38.0,0.46
18.0,39.0,0.529
18.0,40.0,0.324
18.0,41.0,0.249
18.0,42.0,0.378
18.0,43.0,0.363
18.0,44.0,0.207
18.0,45.0,0.247
18.0,46.0,0.259
18.0,47.0,0.241
18.0,48.0,0.249
18.0,49.0,0.3
18.0,50.0,0.702
18.0,51.0,0.62
18.0,52.0,0.574
18.0,53.0,0.372
18.0,54.0,0.295
18.0,55.0,0.477
18.0,56.0,0.573
18.0,57.0,0.541
18.0,58.0,0.639
18.0,59.0,0.596
19.0,0.0,0.613
19.0,1.0,0.653
19.0,2.0,0.539
19.0,3.0,0.42
19.0,4.0,0.242
19.0,5.0,0.22
19.0,6.0,0.358
19.0,7.0,0.593
19.0,8.0,0.445
19.0,9.0,0.47
19.0,10.0,0.548
19.0,11.0,0.476
19.0,12.0,0.548
19.0,13.0,0.607
19.0,14.0,0.352
19.0,15.0,0.579
19.0,16.0,0.359
19.0,17.0,0.496
19.0,18.0,0.405
19.0,19.0,0.364
19.0,20.0,0.281
19.0,21.0,0.507
19.0,22.0,0.304
19.0,23.0,0.484
19.0,24.0,0.467
19.0,25.0,0.261
19.0,26.0,0.263
19.0,27.0,0.356
19.0,28.0,0.242
19.0,29.0,0.239
19.0,30.0,0.16
19.0,31.0,-0.194
19.0,32.0,0.389
19.0,33.0,0.374
19.0,34.0,0.225
19.0,35.0,0.355
19.0,36.0,0.411
19.0,37.0,0.615
19.0,38.0,0.574
19.0,39.0,0.176
19.0,40.0,0.294
19.0,41.0,0.499
19.0,42.0,0.539
19.0,43.0,0.434
19.0,44.0,0.254
19.0,45.0,0.223
19.0,46.0,0.241
19.0,47.0,0.265
19.0,48.0,0.29
19.0,49.0,0.519
19.0,50.0,0.514
19.0,51.0,0.496
19.0,52.0,0.628
19.0,53.0,0.511
19.0,54.0,0.431
19.0,55.0,0.641
19.0,56.0,0.627
19.0,57.0,0.612
19.0,58.0,0.597
19.0,59.0,0.529
20.0,0.0,0.786
20.0,1.0,0.3
20.0,2.0,0.137
20.0,3.0,0.577
20.0,4.0,0.274
20.0,5.0,0.368
20.0,6.0,0.579
20.0,7.0,0.599
20.0,8.0,0.59
20.0,9.0,0.72
20.0,10.0,0.533
20.0,11.0,0.54
20.0,12.0,0.585
20.0,13.0,0.689
20.0,14.0,0.461
20.0,15.0,0.577
20.0,16.0,0.389
20.0,17.0,0.38
20.0,18.0,0.475
20.0,19.0,0.605
20.0,20.0,0.422
20.0,21.0,0.548
20.0,22.0,0.445
20.0,23.0,0.619
20.0,24.0,0.428
20.0,25.0,0.254
20.0,26.0,0.144
20.0,27.0,0.249
20.0,28.0,0.216
20.0,29.0,0.301
20.0,30.0,-0.218
20.0,31.0,0.275
20.0,32.0,0.231
20.0,33.0,0.224
20.0,34.0,0.229
20.0,35.0,0.288
20.0,36.0,0.244
20.0,37.0,0.336
20.0,38.0,0.371
20.0,39.0,0.314
20.0,40.0,0.378
20.0,41.0,0.311
20.0,42.0,0.301
20.0,43.0,0.544
20.0,44.0,0.433
20.0,45.0,0.242
20.0,46.0,0.24
20.0,47.0,0.328
20.0,48.0,0.269
20.0,49.0,0.413
20.0,50.0,0.629
20.0,51.0,0.505
20.0,52.0,0.267
20.0,53.0,0.153
20.0,54.0,0.703
20.0,55.0,0.556
20.0,56.0,0.694
20.0,57.0,0.617
20.0,58.0,0.663
20.0,59.0,0.535
21.0,0.0,0.47
21.0,1.0,0.302
21.0,2.0,0.35
21.0,3.0,0.32
21.0,4.0,0.279
21.0,5.0,0.469
21.0,6.0,0.221
21.0,7.0,0.765
21.0,8.0,0.52
21.0,9.0,0.486
21.0,10.0,0.529
21.0,11.0,0.564
21.0,12.0,0.559
21.0,13.0,0.7
21.0,14.0,0.212
21.0,15.0,0.496
21.0,16.0,0.73
21.0,17.0,0.287
21.0,18.0,0.31
21.0,19.0,0.306
21.0,20.0,0.308
21.0,21.0,0.489
21.0,22.0,0.29
21.0,23.0,0.308
21.0,24.0,0.293
21.0,25.0,0.222
21.0,26.0,0.188
21.0,27.0,0.182
21.0,28.0,0.218
21.0,29.0,-0.154
21.0,30.0,0.281
21.0,31.0,0.223
21.0,32.0,0.216
21.0,33.0,0.204
21.0,34.0,0.417
21.0,35.0,0.303
21.0,36.0,0.257
21.0,37.0,0.404
21.0,38.0,0.453
21.0,39.0,0.417
21.0,40.0,0.312
21.0,41.0,0.301
21.0,42.0,0.421
21.0,43.0,0.316
21.0,44.0,0.309
21.0,45.0,0.258
21.0,46.0,0.276
21.0,47.0,0.265
21.0,48.0,0.007
21.0,49.0,0.479
21.0,50.0,0.37
21.0,51.0,0.507
21.0,52.0,0.681
21.0,53.0,0.332
21.0,54.0,0.568
21.0,55.0,0.633
21.0,56.0,0.435
21.0,57.0,0.677
21.0,58.0,0.662
21.0,59.0,0.535
22.0,0.0,0.511
22.0,1.0,0.302
22.0,2.0,0.225
22.0,3.0,0.555
22.0,4.0,0.445
22.0,5.0,0.464
22.0,6.0,0.455
22.0,7.0,0.42
22.0,8.0,0.413
22.0,9.0,0.522
22.0,10.0,0.448
22.0,11.0,0.686
22.0,12.0,0.625
22.0,13.0,0.65
22.0,14.0,0.446
22.0,15.0,0.446
22.0,16.0,0.374
22.0,17.0,0.386
22.0,18.0,0.366
22.0,19.0,0.401
22.0,20.0,0.311
22.0,21.0,0.337
22.0,22.0,0.367
22.0,23.0,0.26
22.0,24.0,0.318
22.0,25.0,0.273
22.0,26.0,0.274
22.0,27.0,0.405
22.0,28.0,0.485
22.0,29.0,-0.189
22.0,30.0,0.249
22.0,31.0,0.207
22.0,32.0,0.211
22.0,33.0,0.307
22.0,34.0,0.348
22.0,35.0,0.249
22.0,36.0,0.247
22.0,37.0,0.329
22.0,38.0,0.346
22.0,39.0,0.427
22.0,40.0,0.381
22.0,41.0,0.312
22.0,42.0,0.479
22.0,43.0,0.477
22.0,44.0,0.424
22.0,45.0,0.276
22.0,46.0,0.44
22.0,47.0,0.35
22.0,48.0,0.16
22.0,49.0,0.519
22.0,50.0,0.261
22.0,51.0,0.375
22.0,52.0,0.575
22.0,53.0,0.499
22.0,54.0,0.293
22.0,55.0,0.596
22.0,56.0,0.545
22.0,57.0,0.309
22.0,58.0,0.521
22.0,59.0,0.341
23.0,0.0,0.597
23.0,1.0,0.672
23.0,2.0,0.388
23.0,3.0,0.682
23.0,4.0,0.591
23.0,5.0,0.46
23.0,6.0,0.478
23.0,7.0,0.392
23.0,8.0,0.517
23.0,9.0,0.376
23.0,10.0,0.458
23.0,11.0,0.765
23.0,12.0,0.747
23.0,13.0,0.644
23.0,14.0,0.543
23.0,15.0,0.35
23.0,16.0,0.297
23.0,17.0,0.377
23.0,18.0,0.517
23.0,19.0,0.42
23.0,20.0,0.285
23.0,21.0,0.353
23.0,22.0,0.316
23.0,23.0,0.324
23.0,24.0,0.334
23.0,25.0,0.232
23.0,26.0,0.254
23.0,27.0,0.379
23.0,28.0,0.109
23.0,29.0,-0.194
23.0,30.0,0.243
23.0,31.0,0.222
23.0,32.0,0.185
23.0,33.0,0.226
23.0,34.0,0.309
23.0,35.0,0.257
23.0,36.0,0.346
23.0,37.0,0.394
23.0,38.0,0.4
23.0,39.0,0.498
23.0,40.0,0.595
23.0,41.0,0.446
23.0,42.0,0.289
23.0,43.0,0.394
23.0,44.0,0.295
23.0,45.0,0.293
23.0,46.0,0.331
23.0,47.0,0.262
23.0,48.0,0.331
23.0,49.0,0.254
23.0,50.0,0.361
23.0,51.0,0.287
23.0,52.0,0.372
23.0,53.0,0.393
23.0,54.0,0.349
23.0,55.0,0.457
23.0,56.0,0.372
23.0,57.0,0.527
23.0,58.0,0.61
23.0,59.0,0.575
24.0,0.0,0.464
24.0,1.0,0.634
24.0,2.0,0.604
24.0,3.0,0.738
24.0,4.0,0.542
24.0,5.0,0.577
24.0,6.0,0.559
24.0,7.0,0.408
24.0,8.0,0.404
24.0,9.0,0.511
24.0,10.0,0.661
24.0,11.0,0.51
24.0,12.0,0.386
24.0,13.0,0.527
24.0,14.0,0.496
24.0,15.0,0.355
24.0,16.0,0.332
24.0,17.0,0.403
24.0,18.0,0.469
24.0,19.0,0.357
24.0,20.0,0.289
24.0,21.0,0.471
24.0,22.0,0.364
24.0,23.0,0.407
24.0,24.0,0.336
24.0,25.0,0.224
24.0,26.0,0.451
24.0,27.0,0.391
24.0,28.0,-0.132
24.0,29.0,0.275
24.0,30.0,0.232
24.0,31.0,0.231
24.0,32.0,0.238
24.0,33.0,0.232
24.0,34.0,0.214
24.0,35.0,0.212
24.0,36.0,0.304
24.0,37.0,0.26
24.0,38.0,0.505
24.0,39.0,0.666
24.0,40.0,0.595
24.0,41.0,0.452
24.0,42.0,0.307
24.0,43.0,0.355
24.0,44.0,0.451
24.0,45.0,0.415
24.0,46.0,0.41
24.0,47.0,0.455
24.0,48.0,0.307
24.0,49.0,0.255
24.0,50.0,0.48
24.0,51.0,0.492
24.0,52.0,0.386
24.0,53.0,0.315
24.0,54.0,0.339
24.0,55.0,0.3
24.0,56.0,0.456
24.0,57.0,0.69
24.0,58.0,0.5
24.0,59.0,0.614
25.0,0.0,0.717
25.0,1.0,0.536
25.0,2.0,0.724
25.0,3.0,0.742
25.0,4.0,0.678
25.0,5.0,0.577
25.0,6.0,0.554
25.0,7.0,0.491
25.0,8.0,0.471
25.0,9.0,0.643
25.0,10.0,0.565
25.0,11.0,0.497
25.0,12.0,0.668
25.0,13.0,0.635
25.0,14.0,0.516
25.0,15.0,0.414
25.0,16.0,0.427
25.0,17.0,0.468
25.0,18.0,0.588
25.0,19.0,0.447
25.0,20.0,0.377
25.0,21.0,0.351
25.0,22.0,0.247
25.0,23.0,0.309
25.0,24.0,0.27
25.0,25.0,0.189
25.0,26.0,0.25
25.0,27.0,0.24
25.0,28.0,-0.175
25.0,29.0,0.303
25.0,30.0,0.224
25.0,31.0,0.219
25.0,32.0,0.286
25.0,33.0,0.26
25.0,34.0,0.46
25.0,35.0,0.234
25.0,36.0,0.443
25.0,37.0,0.305
25.0,38.0,0.337
25.0,39.0,0.253
25.0,40.0,0.515
25.0,41.0,0.405
25.0,42.0,0.352
25.0,43.0,0.332
25.0,44.0,0.58
25.0,45.0,0.37
25.0,46.0,0.323
25.0,47.0,0.362
25.0,48.0,0.301
25.0,49.0,0.432
25.0,50.0,0.547
25.0,51.0,0.585
25.0,52.0,0.377
25.0,53.0,0.377
25.0,54.0,0.342
25.0,55.0,0.295
25.0,56.0,0.331
25.0,57.0,0.554
25.0,58.0,0.524
25.0,59.0,0.59
26.0,0.0,0.616
26.0,1.0,0.66
26.0,2.0,0.639
26.0,3.0,0.575
26.0,4.0,0.643
26.0,5.0,0.722
26.0,6.0,0.66
26.0,7.0,0.484
26.0,8.0,0.492
26.0,9.0,0.542
26.0,10.0,0.536
26.0,11.0,0.676
26.0,12.0,0.666
26.0,13.0,0.358
26.0,14.0,0.313
26.0,15.0,0.373
26.0,16.0,0.381
26.0,17.0,0.443
26.0,18.0,0.764
26.0,19.0,0.265
26.0,20.0,0.344
26.0,21.0,0.576
26.0,22.0,0.361
26.0,23.0,0.402
26.0,24.0,0.274
26.0,25.0,0.19
26.0,26.0,0.311
26.0,27.0,-0.185
26.0,28.0,0.272
26.0,29.0,0.62
26.0,30.0,0.343
26.0,31.0,0.313
26.0,32.0,0.25
26.0,33.0,0.231
26.0,34.0,0.248
26.0,35.0,0.495
26.0,36.0,0.388
26.0,37.0,0.247
26.0,38.0,0.329
26.0,39.0,0.506
26.0,40.0,0.449
26.0,41.0,0.452
26.0,42.0,0.581
26.0,43.0,0.504
26.0,44.0,0.554
26.0,45.0,0.403
26.0,46.0,0.281
26.0,47.0,0.155
26.0,48.0,0.458
26.0,49.0,0.426
26.0,50.0,0.574
26.0,51.0,0.599
26.0,52.0,0.564
26.0,53.0,0.441
26.0,54.0,0.606
26.0,55.0,0.61
26.0,56.0,0.449
26.0,57.0,0.439
26.0,58.0,0.585
26.0,59.0,0.689
27.0,0.0,0.611
27.0,1.0,0.705
27.0,2.0,0.402
27.0,3.0,0.401
27.0,4.0,0.506
27.0,5.0,0.46
27.0,6.0,0.333
27.0,7.0,0.596
27.0,8.0,-0.086
27.0,9.0,-0.109
27.0,10.0,-0.1
27.0,11.0,-0.11
27.0,12.0,0.011
27.0,13.0,0.477
27.0,14.0,0.58
27.0,15.0,0.351
27.0,16.0,0.424
27.0,17.0,0.489
27.0,18.0,0.71
27.0,19.0,0.325
27.0,20.0,0.306
27.0,21.0,0.292
27.0,22.0,0.325
27.0,23.0,0.341
27.0,24.0,0.349
27.0,25.0,0.233
27.0,26.0,-0.119
27.0,27.0,0.538
27.0,28.0,0.564
27.0,29.0,0.469
27.0,30.0,0.271
27.0,31.0,0.331
27.0,32.0,0.256
27.0,33.0,0.3
27.0,34.0,0.329
27.0,35.0,0.378
27.0,36.0,0.501
27.0,37.0,0.275
27.0,38.0,0.361
27.0,39.0,0.562
27.0,40.0,0.597
27.0,41.0,0.442
27.0,42.0,0.556
27.0,43.0,0.769
27.0,44.0,0.31
27.0,45.0,0.235
27.0,46.0,0.758
27.0,47.0,0.36
27.0,48.0,0.714
27.0,49.0,0.151
27.0,50.0,0.242
27.0,51.0,0.157
27.0,52.0,0.448
27.0,53.0,0.571
27.0,54.0,0.522
27.0,55.0,0.543
27.0,56.0,0.659
27.0,57.0,0.566
27.0,58.0,0.401
27.0,59.0,0.373
28.0,0.0,0.733
28.0,1.0,0.676
28.0,2.0,0.654
28.0,3.0,0.525
28.0,4.0,0.729
28.0,5.0,0.587
28.0,6.0,0.613
28.0,7.0,-0.121
28.0,8.0,-0.138
28.0,9.0,0.658
28.0,10.0,0.579
28.0,11.0,-0.095
28.0,12.0,-0.103
28.0,13.0,-0.095
28.0,14.0,-0.04
28.0,15.0,0.674
28.0,16.0,0.399
28.0,17.0,0.709
28.0,18.0,0.671
28.0,19.0,0.353
28.0,20.0,0.294
28.0,21.0,0.287
28.0,22.0,0.459
28.0,23.0,0.437
28.0,24.0,0.396
28.0,25.0,-0.143
28.0,26.0,0.012
28.0,27.0,0.511
28.0,28.0,0.63
28.0,29.0,0.559
28.0,30.0,0.338
28.0,31.0,0.358
28.0,32.0,0.24
28.0,33.0,0.288
28.0,34.0,0.316
28.0,35.0,0.297
28.0,36.0,0.433
28.0,37.0,0.504
28.0,38.0,0.253
28.0,39.0,0.266
28.0,40.0,0.459
28.0,41.0,0.249
28.0,42.0,0.207
28.0,43.0,0.305
28.0,44.0,0.211
28.0,45.0,0.226
28.0,46.0,0.465
28.0,47.0,0.319
28.0,48.0,0.54
28.0,49.0,0.201
28.0,50.0,0.204
28.0,51.0,0.312
28.0,52.0,0.171
28.0,53.0,0.48
28.0,54.0,0.729
28.0,55.0,0.531
28.0,56.0,0.553
28.0,57.0,0.635
28.0,58.0,0.411
28.0,59.0,0.603
29.0,0.0,0.26
29.0,1.0,0.666
29.0,2.0,0.707
29.0,3.0,0.682
29.0,4.0,0.603
29.0,5.0,0.41
29.0,6.0,0.24
29.0,7.0,-0.146
29.0,8.0,-0.092
29.0,9.0,0.444
29.0,10.0,0.677
29.0,11.0,0.335
29.0,12.0,0.313
29.0,13.0,0.28
29.0,14.0,0.431
29.0,15.0,0.428
29.0,16.0,-0.091
29.0,17.0,-0.113
29.0,18.0,-0.088
29.0,19.0,-0.094
29.0,20.0,0.464
29.0,21.0,0.364
29.0,22.0,0.247
29.0,23.0,0.5
29.0,24.0,-0.129
29.0,25.0,0.364
29.0,26.0,0.591
29.0,27.0,0.661
29.0,28.0,0.654
29.0,29.0,0.527
29.0,30.0,0.215
29.0,31.0,0.279
29.0,32.0,0.269
29.0,33.0,0.221
29.0,34.0,0.288
29.0,35.0,0.3
29.0,36.0,0.378
29.0,37.0,0.371
29.0,38.0,0.428
29.0,39.0,0.377
29.0,40.0,0.499
29.0,41.0,0.342
29.0,42.0,0.294
29.0,43.0,0.703
29.0,44.0,0.454
29.0,45.0,0.719
29.0,46.0,0.241
29.0,47.0,0.603
29.0,48.0,0.504
29.0,49.0,0.809
29.0,50.0,0.821
29.0,51.0,0.492
29.0,52.0,0.564
29.0,53.0,0.483
29.0,54.0,0.653
29.0,55.0,0.502
29.0,56.0,0.532
29.0,57.0,0.501
29.0,58.0,0.502
29.0,59.0,0.524
30.0,0.0,0.661
30.0,1.0,0.712
30.0,2.0,0.545
30.0,3.0,0.652
30.0,4.0,0.509
30.0,5.0,0.541
30.0,6.0,0.543
30.0,7.0,-0.163
30.0,8.0,-0.172
30.0,9.0,0.488
30.0,10.0,0.457
30.0,11.0,0.55
30.0,12.0,0.508
30.0,13.0,0.37
30.0,14.0,0.362
30.0,15.0,0.283
30.0,16.0,0.295
30.0,17.0,0.228
30.0,18.0,0.358
30.0,19.0,0.466
30.0,20.0,0.368
30.0,21.0,-0.102
30.0,22.0,-0.026
30.0,23.0,0.462
30.0,24.0,0.483
30.0,25.0,0.242
30.0,26.0,0.568
30.0,27.0,0.512
30.0,28.0,0.598
30.0,29.0,0.668
30.0,30.0,0.35
30.0,31.0,0.501
30.0,32.0,0.488
30.0,33.0,0.312
30.0,34.0,0.392
30.0,35.0,0.349
30.0,36.0,0.245
30.0,37.0,0.359
30.0,38.0,0.479
30.0,39.0,0.464
30.0,40.0,0.515
30.0,41.0,0.418
30.0,42.0,0.617
30.0,43.0,0.375
30.0,44.0,0.56
30.0,45.0,0.441
30.0,46.0,0.215
30.0,47.0,0.701
30.0,48.0,0.571
30.0,49.0,0.709
30.0,50.0,0.642
30.0,51.0,0.22
30.0,52.0,0.577
30.0,53.0,0.423
30.0,54.0,0.444
30.0,55.0,0.474
30.0,56.0,0.639
30.0,57.0,0.595
30.0,58.0,0.324
30.0,59.0,0.435
31.0,0.0,0.603
31.0,1.0,0.657
31.0,2.0,0.707
31.0,3.0,0.579
31.0,4.0,0.537
31.0,5.0,0.371
31.0,6.0,0.559
31.0,7.0,-0.137
31.0,8.0,-0.149
31.0,9.0,0.626
31.0,10.0,0.582
31.0,11.0,0.492
31.0,12.0,0.562
31.0,13.0,0.348
31.0,14.0,0.319
31.0,15.0,0.475
31.0,16.0,0.395
31.0,17.0,0.346
31.0,18.0,0.355
31.0,19.0,0.272
31.0,20.0,0.033
31.0,21.0,0.209
31.0,22.0,0.455
31.0,23.0,0.051
31.0,24.0,0.236
31.0,25.0,0.412
31.0,26.0,0.52
31.0,27.0,0.488
31.0,28.0,0.636
31.0,29.0,0.461
31.0,30.0,0.452
31.0,31.0,0.522
31.0,32.0,0.281
31.0,33.0,0.45
31.0,34.0,0.323
31.0,35.0,0.347
31.0,36.0,0.371
31.0,37.0,0.258
31.0,38.0,0.413
31.0,39.0,0.24
31.0,40.0,0.411
31.0,41.0,0.386
31.0,42.0,0.47
31.0,43.0,0.524
31.0,44.0,0.627
31.0,45.0,0.151
31.0,46.0,0.27
31.0,47.0,0.337
31.0,48.0,0.652
31.0,49.0,0.697
31.0,50.0,0.465
31.0,51.0,0.237
31.0,52.0,0.405
31.0,53.0,0.331
31.0,54.0,0.555
31.0,55.0,0.377
31.0,56.0,0.403
31.0,57.0,0.571
31.0,58.0,0.453
31.0,59.0,0.702
32.0,0.0,0.707
32.0,1.0,0.696
32.0,2.0,0.66
32.0,3.0,0.62
32.0,4.0,0.594
32.0,5.0,0.593
32.0,6.0,0.601
32.0,7.0,0.286
32.0,8.0,-0.135
32.0,9.0,0.702
32.0,10.0,0.667
32.0,11.0,0.379
32.0,12.0,0.371
32.0,13.0,0.381
32.0,14.0,0.29
32.0,15.0,0.45
32.0,16.0,0.407
32.0,17.0,0.35
32.0,18.0,0.343
32.0,19.0,0.193
32.0,20.0,0.207
32.0,21.0,0.317
32.0,22.0,0.58
32.0,23.0,0.424
32.0,24.0,0.298
32.0,25.0,0.325
32.0,26.0,0.549
32.0,27.0,0.526
32.0,28.0,0.321
32.0,29.0,0.345
32.0,30.0,0.45
32.0,31.0,0.335
32.0,32.0,0.371
32.0,33.0,0.232
32.0,34.0,0.311
32.0,35.0,0.285
32.0,36.0,0.386
32.0,37.0,0.164
32.0,38.0,0.226
32.0,39.0,0.529
32.0,40.0,0.471
32.0,41.0,0.513
32.0,42.0,0.439
32.0,43.0,0.49
32.0,44.0,0.212
32.0,45.0,0.542
32.0,46.0,0.606
32.0,47.0,0.57
32.0,48.0,0.644
32.0,49.0,0.586
32.0,50.0,0.306
32.0,51.0,0.514
32.0,52.0,0.504
32.0,53.0,0.582
32.0,54.0,0.604
32.0,55.0,0.574
32.0,56.0,0.264
32.0,57.0,0.193
32.0,58.0,0.629
32.0,59.0,0.541
33.0,0.0,0.657
33.0,1.0,0.685
33.0,2.0,0.62
33.0,3.0,0.644
33.0,4.0,0.585
33.0,5.0,0.485
33.0,6.0,0.672
33.0,7.0,0.59
33.0,8.0,-0.124
33.0,9.0,-0.068
33.0,10.0,0.718
33.0,11.0,0.455
33.0,12.0,0.404
33.0,13.0,0.363
33.0,14.0,0.288
33.0,15.0,0.594
33.0,16.0,0.45
33.0,17.0,0.38
33.0,18.0,0.411
33.0,19.0,0.199
33.0,20.0,0.468
33.0,21.0,0.189
33.0,22.0,0.115
33.0,23.0,0.46
33.0,24.0,0.27
33.0,25.0,0.263
33.0,26.0,0.467
33.0,27.0,0.495
33.0,28.0,0.316
33.0,29.0,0.248
33.0,30.0,0.375
33.0,31.0,0.606
33.0,32.0,0.402
33.0,33.0,0.473
33.0,34.0,0.258
33.0,35.0,0.198
33.0,36.0,0.19
33.0,37.0,0.183
33.0,38.0,0.335
33.0,39.0,0.266
33.0,40.0,0.202
33.0,41.0,0.342
33.0,42.0,0.704
33.0,43.0,0.425
33.0,44.0,0.449
33.0,45.0,0.284
33.0,46.0,0.442
33.0,47.0,0.479
33.0,48.0,0.497
33.0,49.0,0.725
33.0,50.0,0.53
33.0,51.0,0.33
33.0,52.0,0.408
33.0,53.0,0.45
33.0,54.0,0.549
33.0,55.0,0.141
33.0,56.0,0.619
33.0,57.0,0.259
33.0,58.0,0.525
33.0,59.0,0.333
34.0,0.0,0.701
34.0,1.0,0.627
34.0,2.0,0.59
34.0,3.0,0.592
34.0,4.0,0.634
34.0,5.0,0.662
34.0,6.0,0.469
34.0,7.0,0.44
34.0,8.0,-0.125
34.0,9.0,0.252
34.0,10.0,0.483
34.0,11.0,0.447
34.0,12.0,0.323
34.0,13.0,0.43
34.0,14.0,0.437
34.0,15.0,0.677
34.0,16.0,0.49
34.0,17.0,0.549
34.0,18.0,0.722
34.0,19.0,0.362
34.0,20.0,0.26
34.0,21.0,0.256
34.0,22.0,0.344
34.0,23.0,0.421
34.0,24.0,0.463
34.0,25.0,0.603
34.0,26.0,0.595
34.0,27.0,0.524
34.0,28.0,0.295
34.0,29.0,0.279
34.0,30.0,0.28
34.0,31.0,0.409
34.0,32.0,0.467
34.0,33.0,0.429
34.0,34.0,0.291
34.0,35.0,0.293
34.0,36.0,0.334
34.0,37.0,0.275
34.0,38.0,0.262
34.0,39.0,0.58
34.0,40.0,0.608
34.0,41.0,0.484
34.0,42.0,0.44
34.0,43.0,0.5
34.0,44.0,0.65
34.0,45.0,0.566
34.0,46.0,0.481
34.0,47.0,0.546
34.0,48.0,0.643
34.0,49.0,0.53
34.0,50.0,0.487
34.0,51.0,0.298
34.0,52.0,0.486
34.0,53.0,0.567
34.0,54.0,0.598
34.0,55.0,0.076
34.0,56.0,0.386
34.0,57.0,0.401
34.0,58.0,0.653
34.0,59.0,0.573
35.0,0.0,0.629
35.0,1.0,0.679
35.0,2.0,0.652
35.0,3.0,0.523
35.0,4.0,0.618
35.0,5.0,-0.039
35.0,6.0,-0.069
35.0,7.0,-0.042
35.0,8.0,-0.084
35.0,9.0,0.431
35.0,10.0,0.537
35.0,11.0,0.552
35.0,12.0,0.415
35.0,13.0,0.551
35.0,14.0,0.496
35.0,15.0,0.353
35.0,16.0,0.549
35.0,17.0,0.526
35.0,18.0,0.45
35.0,19.0,0.714
35.0,20.0,0.296
35.0,21.0,0.375
35.0,22.0,0.302
35.0,23.0,0.36
35.0,24.0,0.462
35.0,25.0,0.481
35.0,26.0,0.541
35.0,27.0,0.384
35.0,28.0,0.362
35.0,29.0,0.332
35.0,30.0,0.315
35.0,31.0,0.305
35.0,32.0,0.27
35.0,33.0,0.298
35.0,34.0,0.383
35.0,35.0,0.364
35.0,36.0,0.227
35.0,37.0,0.51
35.0,38.0,0.324
35.0,39.0,0.276
35.0,40.0,0.734
35.0,41.0,0.721
35.0,42.0,0.346
35.0,43.0,0.423
35.0,44.0,0.592
35.0,45.0,0.698
35.0,46.0,0.647
35.0,47.0,0.653
35.0,48.0,0.506
35.0,49.0,0.655
35.0,50.0,0.688
35.0,51.0,0.556
35.0,52.0,0.622
35.0,53.0,0.514
35.0,54.0,0.425
35.0,55.0,0.541
35.0,56.0,0.535
35.0,57.0,0.333
35.0,58.0,0.603
35.0,59.0,0.15
36.0,0.0,0.563
36.0,1.0,-0.069
36.0,2.0,-0.118
36.0,3.0,-0.074
36.0,4.0,-0.063
36.0,5.0,-0.009
36.0,6.0,0.305
36.0,7.0,0.619
36.0,8.0,0.53
36.0,9.0,0.407
36.0,10.0,0.506
36.0,11.0,0.595
36.0,12.0,0.66
36.0,13.0,0.499
36.0,14.0,0.398
36.0,15.0,0.5
36.0,16.0,0.699
36.0,17.0,0.302
36.0,18.0,0.435
36.0,19.0,0.349
36.0,20.0,0.234
36.0,21.0,0.406
36.0,22.0,0.514
36.0,23.0,0.575
36.0,24.0,0.421
36.0,25.0,0.647
36.0,26.0,0.359
36.0,27.0,0.305
36.0,28.0,0.319
36.0,29.0,0.312
36.0,30.0,0.281
36.0,31.0,0.318
36.0,32.0,0.329
36.0,33.0,0.27
36.0,34.0,0.419
36.0,35.0,0.391
36.0,36.0,0.4
36.0,37.0,0.545
36.0,38.0,0.459
36.0,39.0,0.49
36.0,40.0,0.395
36.0,41.0,0.517
36.0,42.0,0.637
36.0,43.0,0.288
36.0,44.0,0.198
36.0,45.0,0.713
36.0,46.0,0.612
36.0,47.0,0.55
36.0,48.0,0.208
36.0,49.0,0.661
36.0,50.0,0.629
36.0,51.0,0.521
36.0,52.0,0.573
36.0,53.0,0.558
36.0,54.0,0.504
36.0,55.0,0.591
36.0,56.0,0.523
36.0,57.0,0.539
36.0,58.0,0.609
36.0,59.0,0.569
37.0,0.0,-0.113
37.0,1.0,-0.128
37.0,2.0,0.496
37.0,3.0,0.637
37.0,4.0,0.642
37.0,5.0,0.63
37.0,6.0,0.662
37.0,7.0,0.613
37.0,8.0,0.63
37.0,9.0,0.527
37.0,10.0,0.496
37.0,11.0,0.44
37.0,12.0,0.566
37.0,13.0,0.544
37.0,14.0,0.388
37.0,15.0,0.534
37.0,16.0,0.568
37.0,17.0,0.654
37.0,18.0,0.511
37.0,19.0,0.504
37.0,20.0,0.313
37.0,21.0,0.546
37.0,22.0,0.615
37.0,23.0,0.356
37.0,24.0,0.244
37.0,25.0,0.312
37.0,26.0,0.386
37.0,27.0,0.3
37.0,28.0,0.282
37.0,29.0,0.404
37.0,30.0,0.561
37.0,31.0,0.642
37.0,32.0,0.587
37.0,33.0,0.25
37.0,34.0,0.264
37.0,35.0,0.303
37.0,36.0,0.254
37.0,37.0,0.294
37.0,38.0,0.328
37.0,39.0,0.33
37.0,40.0,0.38
37.0,41.0,0.416
37.0,42.0,0.357
37.0,43.0,0.558
37.0,44.0,0.332
37.0,45.0,0.463
37.0,46.0,0.665
37.0,47.0,0.415
37.0,48.0,0.413
37.0,49.0,0.508
37.0,50.0,0.273
37.0,51.0,0.545
37.0,52.0,0.647
37.0,53.0,0.54
37.0,54.0,0.627
37.0,55.0,0.369
37.0,56.0,0.486
37.0,57.0,0.664
37.0,58.0,0.276
37.0,59.0,0.621
38.0,0.0,-0.084
38.0,1.0,0.64
38.0,2.0,0.506
38.0,3.0,0.474
38.0,4.0,0.461
38.0,5.0,0.488
38.0,6.0,0.465
38.0,7.0,0.662
38.0,8.0,0.586
38.0,9.0,0.5
38.0,10.0,0.602
38.0,11.0,0.443
38.0,12.0,0.453
38.0,13.0,0.445
38.0,14.0,0.551
38.0,15.0,0.66
38.0,16.0,0.593
38.0,17.0,0.575
38.0,18.0,0.753
38.0,19.0,0.669
38.0,20.0,0.333
38.0,21.0,0.323
38.0,22.0,0.307
38.0,23.0,0.428
38.0,24.0,0.456
38.0,25.0,0.398
38.0,26.0,0.285
38.0,27.0,0.354
38.0,28.0,0.323
38.0,29.0,0.31
38.0,30.0,0.408
38.0,31.0,0.307
38.0,32.0,0.308
38.0,33.0,0.244
38.0,34.0,0.338
38.0,35.0,0.321
38.0,36.0,0.364
38.0,37.0,0.362
38.0,38.0,0.277
38.0,39.0,0.329
38.0,40.0,0.643
38.0,41.0,0.436
38.0,42.0,0.561
38.0,43.0,0.462
38.0,44.0,0.521
38.0,45.0,0.584
38.0,46.0,0.463
38.0,47.0,0.516
38.0,48.0,0.411
38.0,49.0,0.338
38.0,50.0,0.503
38.0,51.0,0.596
38.0,52.0,0.579
38.0,53.0,0.572
38.0,54.0,0.496
38.0,55.0,0.654
38.0,56.0,0.32
38.0,57.0,0.65
38.0,58.0,0.56
38.0,59.0,0.573
39.0,0.0,0.39
39.0,1.0,0.618
39.0,2.0,0.499
39.0,3.0,0.629
39.0,4.0,0.537
39.0,5.0,0.437
39.0,6.0,0.411
39.0,7.0,0.459
39.0,8.0,0.496
39.0,9.0,0.575
39.0,10.0,0.577
39.0,11.0,0.529
39.0,12.0,0.679
39.0,13.0,0.702
39.0,14.0,0.442
39.0,15.0,0.672
39.0,16.0,0.628
39.0,17.0,0.662
39.0,18.0,0.772
39.0,19.0,0.733
39.0,20.0,0.272
39.0,21.0,0.318
39.0,22.0,0.378
39.0,23.0,0.463
39.0,24.0,0.306
39.0,25.0,0.438
39.0,26.0,0.374
39.0,27.0,0.134
39.0,28.0,0.292
39.0,29.0,0.38
39.0,30.0,0.334
39.0,31.0,0.41
39.0,32.0,0.286
39.0,33.0,0.553
39.0,34.0,0.296
39.0,35.0,0.413
39.0,36.0,0.451
39.0,37.0,0.416
39.0,38.0,0.239
39.0,39.0,0.456
39.0,40.0,0.636
39.0,41.0,0.576
39.0,42.0,0.328
39.0,43.0,0.602
39.0,44.0,0.644
39.0,45.0,0.651
39.0,46.0,0.521
39.0,47.0,0.56
39.0,48.0,0.713
39.0,49.0,0.719
39.0,50.0,0.637
39.0,51.0,0.587
39.0,52.0,0.54
39.0,53.0,0.539
39.0,54.0,0.583
39.0,55.0,0.378
39.0,56.0,0.591
39.0,57.0,0.608
39.0,58.0,0.269
39.0,59.0,0.575
40.0,0.0,0.377
40.0,1.0,0.607
40.0,2.0,0.674
40.0,3.0,0.692
40.0,4.0,0.393
40.0,5.0,0.273
40.0,6.0,0.554
40.0,7.0,0.59
40.0,8.0,0.533
40.0,9.0,0.657
40.0,10.0,0.583
40.0,11.0,0.715
40.0,12.0,0.63
40.0,13.0,0.628
40.0,14.0,0.427
40.0,15.0,0.53
40.0,16.0,0.692
40.0,17.0,0.692
40.0,18.0,0.568
40.0,19.0,0.387
40.0,20.0,0.351
40.0,21.0,0.29
40.0,22.0,0.332
40.0,23.0,0.405
40.0,24.0,0.298
40.0,25.0,0.549
40.0,26.0,0.444
40.0,27.0,0.335
40.0,28.0,0.581
40.0,29.0,0.305
40.0,30.0,0.33
40.0,31.0,0.595
40.0,32.0,0.262
40.0,33.0,0.282
40.0,34.0,0.486
40.0,35.0,0.28
40.0,36.0,0.277
40.0,37.0,0.408
40.0,38.0,0.3
40.0,39.0,0.432
40.0,40.0,0.326
40.0,41.0,0.369
40.0,42.0,0.515
40.0,43.0,0.618
40.0,44.0,0.634
40.0,45.0,0.27
40.0,46.0,0.499
40.0,47.0,0.549
40.0,48.0,0.581
40.0,49.0,0.635
40.0,50.0,0.659
40.0,51.0,0.522
40.0,52.0,0.408
40.0,53.0,0.526
40.0,54.0,0.21
40.0,55.0,0.636
40.0,56.0,0.17
40.0,57.0,0.681
40.0,58.0,0.282
40.0,59.0,0.505
41.0,0.0,0.442
41.0,1.0,0.508
41.0,2.0,0.542
41.0,3.0,0.338
41.0,4.0,0.693
41.0,5.0,0.395
41.0,6.0,0.564
41.0,7.0,0.493
41.0,8.0,0.518
41.0,9.0,0.612
41.0,10.0,0.52
41.0,11.0,0.498
41.0,12.0,0.45
41.0,13.0,0.524
41.0,14.0,0.424
41.0,15.0,0.592
41.0,16.0,0.556
41.0,17.0,0.522
41.0,18.0,0.457
41.0,19.0,0.382
41.0,20.0,0.421
41.0,21.0,0.355
41.0,22.0,0.279
41.0,23.0,0.29
41.0,24.0,0.693
41.0,25.0,0.322
41.0,26.0,0.327
41.0,27.0,0.46
41.0,28.0,0.653
41.0,29.0,0.289
41.0,30.0,0.681
41.0,31.0,0.617
41.0,32.0,0.319
41.0,33.0,0.295
41.0,34.0,0.354
41.0,35.0,0.327
41.0,36.0,0.31
41.0,37.0,0.311
41.0,38.0,0.323
41.0,39.0,0.369
41.0,40.0,0.213
41.0,41.0,0.314
41.0,42.0,0.123
41.0,43.0,0.589
41.0,44.0,0.503
41.0,45.0,0.475
41.0,46.0,0.492
41.0,47.0,0.552
41.0,48.0,0.645
41.0,49.0,0.543
41.0,50.0,0.582
41.0,51.0,0.638
41.0,52.0,0.586
41.0,53.0,0.608
41.0,54.0,0.587
41.0,55.0,0.656
41.0,56.0,0.436
41.0,57.0,0.278
41.0,58.0,0.456
41.0,59.0,0.563
42.0,0.0,0.665
42.0,1.0,0.523
42.0,2.0,0.629
42.0,3.0,0.656
42.0,4.0,0.618
42.0,5.0,0.622
42.0,6.0,0.675
42.0,7.0,0.709
42.0,8.0,0.701
42.0,9.0,0.579
42.0,10.0,0.484
42.0,11.0,0.525
42.0,12.0,0.521
42.0,13.0,0.539
42.0,14.0,0.649
42.0,15.0,0.581
42.0,16.0,0.427
42.0,17.0,0.348
42.0,18.0,0.389
42.0,19.0,0.405
42.0,20.0,0.443
42.0,21.0,0.34
42.0,22.0,0.322
42.0,23.0,0.317
42.0,24.0,0.444
42.0,25.0,0.731
42.0,26.0,0.43
42.0,27.0,0.352
42.0,28.0,0.292
42.0,29.0,0.276
42.0,30.0,0.317
42.0,31.0,0.279
42.0,32.0,0.301
42.0,33.0,0.329
42.0,34.0,0.268
42.0,35.0,0.306
42.0,36.0,0.361
42.0,37.0,0.461
42.0,38.0,0.344
42.0,39.0,0.678
42.0,40.0,0.622
42.0,41.0,0.632
42.0,42.0,0.414
42.0,43.0,0.658
42.0,44.0,0.519
42.0,45.0,0.535
42.0,46.0,0.218
42.0,47.0,0.552
42.0,48.0,0.371
42.0,49.0,0.49
42.0,50.0,0.62
42.0,51.0,0.625
42.0,52.0,0.67
42.0,53.0,0.602
42.0,54.0,0.551
42.0,55.0,0.618
42.0,56.0,0.622
42.0,57.0,0.185
42.0,58.0,0.604
42.0,59.0,0.376
43.0,0.0,0.682
43.0,1.0,0.571
43.0,2.0,0.767
43.0,3.0,0.772
43.0,4.0,0.685
43.0,5.0,0.686
43.0,6.0,0.717
43.0,7.0,0.708
43.0,8.0,0.378
43.0,9.0,0.587
43.0,10.0,0.541
43.0,11.0,0.575
43.0,12.0,0.606
43.0,13.0,0.634
43.0,14.0,0.374
43.0,15.0,0.429
43.0,16.0,0.428
43.0,17.0,0.488
43.0,18.0,0.384
43.0,19.0,0.458
43.0,20.0,0.381
43.0,21.0,0.373
43.0,22.0,0.304
43.0,23.0,0.351
43.0,24.0,0.327
43.0,25.0,0.439
43.0,26.0,0.36
43.0,27.0,0.305
43.0,28.0,0.315
43.0,29.0,0.382
43.0,30.0,0.515
43.0,31.0,0.297
43.0,32.0,0.296
43.0,33.0,0.352
43.0,34.0,0.325
43.0,35.0,0.314
43.0,36.0,0.344
43.0,37.0,0.532
43.0,38.0,0.33
43.0,39.0,0.334
43.0,40.0,0.509
43.0,41.0,0.412
43.0,42.0,0.327
43.0,43.0,0.548
43.0,44.0,0.431
43.0,45.0,0.59
43.0,46.0,0.578
43.0,47.0,0.43
43.0,48.0,0.394
43.0,49.0,0.602
43.0,50.0,0.605
43.0,51.0,0.528
43.0,52.0,0.624
43.0,53.0,0.669
43.0,54.0,0.564
43.0,55.0,0.722
43.0,56.0,0.618
43.0,57.0,0.457
43.0,58.0,0.614
43.0,59.0,0.584
44.0,0.0,0.733
44.0,1.0,0.66
44.0,2.0,0.68
44.0,3.0,0.778
44.0,4.0,0.724
44.0,5.0,0.595
44.0,6.0,0.492
44.0,7.0,0.5
44.0,8.0,0.44
44.0,9.0,0.588
44.0,10.0,0.612
44.0,11.0,0.632
44.0,12.0,0.732
44.0,13.0,0.643
44.0,14.0,0.569
44.0,15.0,0.594
44.0,16.0,0.69
44.0,17.0,0.46
44.0,18.0,0.464
44.0,19.0,0.365
44.0,20.0,0.395
44.0,21.0,0.411
44.0,22.0,0.298
44.0,23.0,0.34
44.0,24.0,0.49
44.0,25.0,0.482
44.0,26.0,0.332
44.0,27.0,0.39
44.0,28.0,0.373
44.0,29.0,0.427
44.0,30.0,0.276
44.0,31.0,0.299
44.0,32.0,0.332
44.0,33.0,0.279
44.0,34.0,0.294
44.0,35.0,0.301
44.0,36.0,0.384
44.0,37.0,0.419
44.0,38.0,0.177
44.0,39.0,0.483
44.0,40.0,0.381
44.0,41.0,0.393
44.0,42.0,0.376
44.0,43.0,0.541
44.0,44.0,0.651
44.0,45.0,0.567
44.0,46.0,0.497
44.0,47.0,0.41
44.0,48.0,0.473
44.0,49.0,0.583
44.0,50.0,0.518
44.0,51.0,0.6
44.0,52.0,0.707
44.0,53.0,0.542
44.0,54.0,0.628
44.0,55.0,0.475
44.0,56.0,0.645
44.0,57.0,0.414
44.0,58.0,0.506
44.0,59.0,0.559
45.0,0.0,0.697
45.0,1.0,0.66
45.0,2.0,0.727
45.0,3.0,0.78
45.0,4.0,0.644
45.0,5.0,0.606
45.0,6.0,0.668
45.0,7.0,0.574
45.0,8.0,0.655
45.0,9.0,0.598
45.0,10.0,0.657
45.0,11.0,0.685
45.0,12.0,0.71
45.0,13.0,0.689
45.0,14.0,0.619
45.0,15.0,0.579
45.0,16.0,0.441
45.0,17.0,0.568
45.0,18.0,0.533
45.0,19.0,0.484
45.0,20.0,0.397
45.0,21.0,0.339
45.0,22.0,0.376
45.0,23.0,0.48
45.0,24.0,0.551
45.0,25.0,0.29
45.0,26.0,0.536
45.0,27.0,0.503
45.0,28.0,0.477
45.0,29.0,0.334
45.0,30.0,0.434
45.0,31.0,0.416
45.0,32.0,0.276
45.0,33.0,0.327
45.0,34.0,0.28
45.0,35.0,0.317
45.0,36.0,0.511
45.0,37.0,0.355
45.0,38.0,0.396
45.0,39.0,0.37
45.0,40.0,0.324
45.0,41.0,0.421
45.0,42.0,0.322
45.0,43.0,0.447
45.0,44.0,0.418
45.0,45.0,0.591
45.0,46.0,0.591
45.0,47.0,0.562
45.0,48.0,0.636
45.0,49.0,0.58
45.0,50.0,0.628
45.0,51.0,0.623
45.0,52.0,0.652
45.0,53.0,0.325
45.0,54.0,0.58
45.0,55.0,0.551
45.0,56.0,0.352
45.0,57.0,0.498
45.0,58.0,0.556
45.0,59.0,0.624
46.0,0.0,0.539
46.0,1.0,0.717
46.0,2.0,0.663
46.0,3.0,0.647
46.0,4.0,0.674
46.0,5.0,0.556
46.0,6.0,0.547
46.0,7.0,0.563
46.0,8.0,0.506
46.0,9.0,0.689
46.0,10.0,0.753
46.0,11.0,0.693
46.0,12.0,0.689
46.0,13.0,0.783
46.0,14.0,0.748
46.0,15.0,0.772
46.0,16.0,0.768
46.0,17.0,0.554
46.0,18.0,0.427
46.0,19.0,0.442
46.0,20.0,0.461
46.0,21.0,0.278
46.0,22.0,0.292
46.0,23.0,0.394
46.0,24.0,0.561
46.0,25.0,0.461
46.0,26.0,0.467
46.0,27.0,0.455
46.0,28.0,0.459
46.0,29.0,0.362
46.0,30.0,0.353
46.0,31.0,0.453
46.0,32.0,0.295
46.0,33.0,0.697
46.0,34.0,0.346
46.0,35.0,0.327
46.0,36.0,0.457
46.0,37.0,0.539
46.0,38.0,0.52
46.0,39.0,0.296
46.0,40.0,0.452
46.0,41.0,0.374
46.0,42.0,0.657
46.0,43.0,0.451
46.0,44.0,0.501
46.0,45.0,0.627
46.0,46.0,0.675
46.0,47.0,0.561
46.0,48.0,0.552
46.0,49.0,0.527
46.0,50.0,0.584
46.0,51.0,0.64
46.0,52.0,0.579
46.0,53.0,0.327
46.0,54.0,0.55
46.0,55.0,0.283
46.0,56.0,0.477
46.0,57.0,0.497
46.0,58.0,0.577
46.0,59.0,0.394
47.0,0.0,0.578
47.0,1.0,0.651
47.0,2.0,0.723
47.0,3.0,0.701
47.0,4.0,0.69
47.0,5.0,0.615
47.0,6.0,0.576
47.0,7.0,0.505
47.0,8.0,0.432
47.0,9.0,0.431
47.0,10.0,0.514
47.0,11.0,0.737
47.0,12.0,0.732
47.0,13.0,0.666
47.0,14.0,0.708
47.0,15.0,0.689
47.0,16.0,0.768
47.0,17.0,0.632
47.0,18.0,0.741
47.0,19.0,0.491
47.0,20.0,0.438
47.0,21.0,0.361
47.0,22.0,0.418
47.0,23.0,0.331
47.0,24.0,0.452
47.0,25.0,0.483
47.0,26.0,0.462
47.0,27.0,0.485
47.0,28.0,0.463
47.0,29.0,0.522
47.0,30.0,0.358
47.0,31.0,0.318
47.0,32.0,0.301
47.0,33.0,0.386
47.0,34.0,0.359
47.0,35.0,0.331
47.0,36.0,0.3
47.0,37.0,0.406
47.0,38.0,0.527
47.0,39.0,0.458
47.0,40.0,0.502
47.0,41.0,0.43
47.0,42.0,0.423
47.0,43.0,0.506
47.0,44.0,0.577
47.0,45.0,0.583
47.0,46.0,0.533
47.0,47.0,0.471
47.0,48.0,0.57
47.0,49.0,0.531
47.0,50.0,0.559
47.0,51.0,0.645
47.0,52.0,0.565
47.0,53.0,0.63
47.0,54.0,0.458
47.0,55.0,0.632
47.0,56.0,0.436
47.0,57.0,0.508
47.0,58.0,0.362
47.0,59.0,0.492
48.0,0.0,0.623
48.0,1.0,0.678
48.0,2.0,0.679
48.0,3.0,0.718
48.0,4.0,0.7
48.0,5.0,0.599
48.0,6.0,0.702
48.0,7.0,0.489
48.0,8.0,0.667
48.0,9.0,0.626
48.0,10.0,0.668
48.0,11.0,0.626
48.0,12.0,0.696
48.0,13.0,0.69
48.0,14.0,0.668
48.0,15.0,0.605
48.0,16.0,0.537
48.0,17.0,0.543
48.0,18.0,0.518
48.0,19.0,0.519
48.0,20.0,0.627
48.0,21.0,0.369
48.0,22.0,0.513
48.0,23.0,0.598
48.0,24.0,0.567
48.0,25.0,0.455
48.0,26.0,0.567
48.0,27.0,0.605
48.0,28.0,0.701
48.0,29.0,0.442
48.0,30.0,0.251
48.0,31.0,0.354
48.0,32.0,0.521
48.0,33.0,0.362
48.0,34.0,0.562
48.0,35.0,0.411
48.0,36.0,0.335
48.0,37.0,0.364
48.0,38.0,0.506
48.0,39.0,0.554
48.0,40.0,0.495
48.0,41.0,0.479
48.0,42.0,0.601
48.0,43.0,0.543
48.0,44.0,0.537
48.0,45.0,0.509
48.0,46.0,0.563
48.0,47.0,0.423
48.0,48.0,0.52
48.0,49.0,0.493
48.0,50.0,0.536
48.0,51.0,0.544
48.0,52.0,0.61
48.0,53.0,0.611
48.0,54.0,0.538
48.0,55.0,0.674
48.0,56.0,0.672
48.0,57.0,0.589
48.0,58.0,0.585
48.0,59.0,0.637
49.0,0.0,0.612
49.0,1.0,0.711
49.0,2.0,0.716
49.0,3.0,0.659
49.0,4.0,0.749
49.0,5.0,0.694
49.0,6.0,0.706
49.0,7.0,0.455
49.0,8.0,0.717
49.0,9.0,0.617
49.0,10.0,0.58
49.0,11.0,0.73
49.0,12.0,0.605
49.0,13.0,0.615
49.0,14.0,0.587
49.0,15.0,0.537
49.0,16.0,0.503
49.0,17.0,0.622
49.0,18.0,0.459
49.0,19.0,0.465
49.0,20.0,0.393
49.0,21.0,0.306
49.0,22.0,0.605
49.0,23.0,0.598
49.0,24.0,0.683
49.0,25.0,0.713
49.0,26.0,0.6
49.0,27.0,0.531
49.0,28.0,0.589
49.0,29.0,0.548
49.0,30.0,0.494
49.0,31.0,0.503
49.0,32.0,0.416
49.0,33.0,0.415
49.0,34.0,0.422
49.0,35.0,0.471
49.0,36.0,0.302
49.0,37.0,0.314
49.0,38.0,0.31
49.0,39.0,0.577
49.0,40.0,0.725
49.0,41.0,0.634
49.0,42.0,0.672
49.0,43.0,0.532
49.0,44.0,0.596
49.0,45.0,0.438
49.0,46.0,0.466
49.0,47.0,0.517
49.0,48.0,0.527
49.0,49.0,0.583
49.0,50.0,0.64
49.0,51.0,0.561
49.0,52.0,0.582
49.0,53.0,0.509
49.0,54.0,0.569
49.0,55.0,0.604
49.0,56.0,0.646
49.0,57.0,0.576
49.0,58.0,0.575
49.0,59.0,0.667
50.0,0.0,0.714
50.0,1.0,0.711
50.0,2.0,0.7
50.0,3.0,0.751
50.0,4.0,0.734
50.0,5.0,0.676
50.0,6.0,0.732
50.0,7.0,0.627
50.0,8.0,0.641
50.0,9.0,0.634
50.0,10.0,0.614
50.0,11.0,0.608
50.0,12.0,0.63
50.0,13.0,0.669
50.0,14.0,0.668
50.0,15.0,0.708
50.0,16.0,0.586
50.0,17.0,0.502
50.0,18.0,0.644
50.0,19.0,0.405
50.0,20.0,0.415
50.0,21.0,0.591
50.0,22.0,0.625
50.0,23.0,0.583
50.0,24.0,0.654
50.0,25.0,0.614
50.0,26.0,0.498
50.0,27.0,0.593
50.0,28.0,0.734
50.0,29.0,0.736
50.0,30.0,0.542
50.0,31.0,0.626
50.0,32.0,0.515
50.0,33.0,0.563
50.0,34.0,0.511
50.0,35.0,0.507
50.0,36.0,0.406
50.0,37.0,0.38
50.0,38.0,0.35
50.0,39.0,0.382
50.0,40.0,0.461
50.0,41.0,0.539
50.0,42.0,0.584
50.0,43.0,0.429
50.0,44.0,0.484
50.0,45.0,0.532
50.0,46.0,0.338
50.0,47.0,0.454
50.0,48.0,0.51
50.0,49.0,0.653
50.0,50.0,0.582
50.0,51.0,0.568
50.0,52.0,0.625
50.0,53.0,0.516
50.0,54.0,0.626
50.0,55.0,0.473
50.0,56.0,0.705
50.0,57.0,0.703
50.0,58.0,0.649
50.0,59.0,0.582
51.0,0.0,0.67
51.0,1.0,0.727
51.0,2.0,0.684
51.0,3.0,0.725
51.0,4.0,0.73
51.0,5.0,0.709
51.0,6.0,0.582
51.0,7.0,0.719
51.0,8.0,0.67
51.0,9.0,0.459
51.0,10.0,0.624
51.0,11.0,0.599
51.0,12.0,0.677
51.0,13.0,0.718
51.0,14.0,0.722
51.0,15.0,0.723
51.0,16.0,0.564
51.0,17.0,0.718
51.0,18.0,0.54
51.0,19.0,0.38
51.0,20.0,0.681
51.0,21.0,0.725
51.0,22.0,0.649
51.0,23.0,0.684
51.0,24.0,0.625
51.0,25.0,0.631
51.0,26.0,0.635
51.0,27.0,0.614
51.0,28.0,0.577
51.0,29.0,0.71
51.0,30.0,0.65
51.0,31.0,0.554
51.0,32.0,0.666
51.0,33.0,0.516
51.0,34.0,0.601
51.0,35.0,0.487
51.0,36.0,0.433
51.0,37.0,0.595
51.0,38.0,0.595
51.0,39.0,0.682
51.0,40.0,0.487
51.0,41.0,0.611
51.0,42.0,0.558
51.0,43.0,0.491
51.0,44.0,0.42
51.0,45.0,0.463
51.0,46.0,0.502
51.0,47.0,0.361
51.0,48.0,0.552
51.0,49.0,0.602
51.0,50.0,0.643
51.0,51.0,0.616
51.0,52.0,0.544
51.0,53.0,0.586
51.0,54.0,0.606
51.0,55.0,0.556
51.0,56.0,0.664
51.0,57.0,0.664
51.0,58.0,0.526
51.0,59.0,0.575
52.0,0.0,0.723
52.0,1.0,0.745
52.0,2.0,0.672
52.0,3.0,0.703
52.0,4.0,0.698
52.0,5.0,0.704
52.0,6.0,0.653
52.0,7.0,0.641
52.0,8.0,0.544
52.0,9.0,0.67
52.0,10.0,0.566
52.0,11.0,0.544
52.0,12.0,0.56
52.0,13.0,0.605
52.0,14.0,0.625
52.0,15.0,0.62
52.0,16.0,0.72
52.0,17.0,0.702
52.0,18.0,0.602
52.0,19.0,0.649
52.0,20.0,0.578
52.0,21.0,0.563
52.0,22.0,0.695
52.0,23.0,0.679
52.0,24.0,0.729
52.0,25.0,0.661
52.0,26.0,0.641
52.0,27.0,0.523
52.0,28.0,0.67
52.0,29.0,0.693
52.0,30.0,0.516
52.0,31.0,0.592
52.0,32.0,0.695
52.0,33.0,0.553
52.0,34.0,0.496
52.0,35.0,0.469
52.0,36.0,0.595
52.0,37.0,0.538
52.0,38.0,0.406
52.0,39.0,0.603
52.0,40.0,0.493
52.0,41.0,0.507
52.0,42.0,0.546
52.0,43.0,0.533
52.0,44.0,0.438
52.0,45.0,0.458
52.0,46.0,0.432
52.0,47.0,0.547
52.0,48.0,0.482
52.0,49.0,0.456
52.0,50.0,0.456
52.0,51.0,0.615
52.0,52.0,0.575
52.0,53.0,0.651
52.0,54.0,0.612
52.0,55.0,0.39
52.0,56.0,0.638
52.0,57.0,0.58
52.0,58.0,0.625
52.0,59.0,0.64
53.0,0.0,0.682
53.0,1.0,0.713
53.0,2.0,0.615
53.0,3.0,0.722
53.0,4.0,0.722
53.0,5.0,0.612
53.0,6.0,0.643
53.0,7.0,0.552
53.0,8.0,0.56
53.0,9.0,0.701
53.0,10.0,0.519
53.0,11.0,0.688
53.0,12.0,0.518
53.0,13.0,0.596
53.0,14.0,0.619
53.0,15.0,0.704
53.0,16.0,0.683
53.0,17.0,0.621
53.0,18.0,0.729
53.0,19.0,0.534
53.0,20.0,0.56
53.0,21.0,0.647
53.0,22.0,0.634
53.0,23.0,0.661
53.0,24.0,0.707
53.0,25.0,0.616
53.0,26.0,0.614
53.0,27.0,0.606
53.0,28.0,0.6
53.0,29.0,0.7
53.0,30.0,0.672
53.0,31.0,0.584
53.0,32.0,0.545
53.0,33.0,0.702
53.0,34.0,0.612
53.0,35.0,0.583
53.0,36.0,0.757
53.0,37.0,0.654
53.0,38.0,0.682
53.0,39.0,0.606
53.0,40.0,0.46
53.0,41.0,0.647
53.0,42.0,0.575
53.0,43.0,0.519
53.0,44.0,0.517
53.0,45.0,0.602
53.0,46.0,0.394
53.0,47.0,0.499
53.0,48.0,0.644
53.0,49.0,0.643
53.0,50.0,0.5
53.0,51.0,0.641
53.0,52.0,0.581
53.0,53.0,0.556
53.0,54.0,0.67
53.0,55.0,0.586
53.0,56.0,0.571
53.0,57.0,0.535
53.0,58.0,0.694
53.0,59.0,0.609
54.0,0.0,0.696
54.0,1.0,0.678
54.0,2.0,0.699
54.0,3.0,0.658
54.0,4.0,0.681
54.0,5.0,0.634
54.0,6.0,0.672
54.0,7.0,0.57
54.0,8.0,0.536
54.0,9.0,0.703
54.0,10.0,0.67
54.0,11.0,0.68
54.0,12.0,0.66
54.0,13.0,0.655
54.0,14.0,0.359
54.0,15.0,0.608
54.0,16.0,0.699
54.0,17.0,0.572
54.0,18.0,0.682
54.0,19.0,0.731
54.0,20.0,0.719
54.0,21.0,0.651
54.0,22.0,0.665
54.0,23.0,0.613
54.0,24.0,0.614
54.0,25.0,0.652
54.0,26.0,0.637
54.0,27.0,0.71
54.0,28.0,0.697
54.0,29.0,0.627
54.0,30.0,0.699
54.0,31.0,0.68
54.0,32.0,0.684
54.0,33.0,0.715
54.0,34.0,0.453
54.0,35.0,0.683
54.0,36.0,0.721
54.0,37.0,0.422
54.0,38.0,0.708
54.0,39.0,0.592
54.0,40.0,0.579
54.0,41.0,0.558
54.0,42.0,0.525
54.0,43.0,0.526
54.0,44.0,0.594
54.0,45.0,0.6
54.0,46.0,0.487
54.0,47.0,0.573
54.0,48.0,0.656
54.0,49.0,0.605
54.0,50.0,0.576
54.0,51.0,0.596
54.0,52.0,0.52
54.0,53.0,0.56
54.0,54.0,0.627
54.0,55.0,0.666
54.0,56.0,0.634
54.0,57.0,0.614
54.0,58.0,0.661
54.0,59.0,0.692
55.0,0.0,0.716
55.0,1.0,0.709
55.0,2.0,0.617
55.0,3.0,0.593
55.0,4.0,0.534
55.0,5.0,0.626
55.0,6.0,0.68
55.0,7.0,0.622
55.0,8.0,0.663
55.0,9.0,0.675
55.0,10.0,0.685
55.0,11.0,0.619
55.0,12.0,0.576
55.0,13.0,0.628
55.0,14.0,0.718
55.0,15.0,0.702
55.0,16.0,0.635
55.0,17.0,0.498
55.0,18.0,0.573
55.0,19.0,0.654
55.0,20.0,0.661
55.0,21.0,0.705
55.0,22.0,0.575
55.0,23.0,0.653
55.0,24.0,0.635
55.0,25.0,0.682
55.0,26.0,0.782
55.0,27.0,0.61
55.0,28.0,0.608
55.0,29.0,0.6
55.0,30.0,0.689
55.0,31.0,0.541
55.0,32.0,0.649
55.0,33.0,0.699
55.0,34.0,0.52
55.0,35.0,0.665
55.0,36.0,0.648
55.0,37.0,0.716
55.0,38.0,0.675
55.0,39.0,0.572
55.0,40.0,0.576
55.0,41.0,0.548
55.0,42.0,0.482
55.0,43.0,0.508
55.0,44.0,0.64
55.0,45.0,0.552
55.0,46.0,0.479
55.0,47.0,0.458
55.0,48.0,0.661
55.0,49.0,0.657
55.0,50.0,0.578
55.0,51.0,0.63
55.0,52.0,0.568
55.0,53.0,0.513
55.0,54.0,0.656
55.0,55.0,0.636
55.0,56.0,0.464
55.0,57.0,0.63
55.0,58.0,0.614
55.0,59.0,0.604
56.0,0.0,0.752
56.0,1.0,0.677
56.0,2.0,0.612
56.0,3.0,0.557
56.0,4.0,0.698
56.0,5.0,0.67
56.0,6.0,0.601
56.0,7.0,0.698
56.0,8.0,0.582
56.0,9.0,0.636
56.0,10.0,0.726
56.0,11.0,0.48
56.0,12.0,0.59
56.0,13.0,0.643
56.0,14.0,0.679
56.0,15.0,0.323
56.0,16.0,0.62
56.0,17.0,0.737
56.0,18.0,0.668
56.0,19.0,0.673
56.0,20.0,0.677
56.0,21.0,0.698
56.0,22.0,0.562
56.0,23.0,0.652
56.0,24.0,0.565
56.0,25.0,0.621
56.0,26.0,0.615
56.0,27.0,0.638
56.0,28.0,0.573
56.0,29.0,0.663
56.0,30.0,0.611
56.0,31.0,0.516
56.0,32.0,0.592
56.0,33.0,0.676
56.0,34.0,0.568
56.0,35.0,0.53
56.0,36.0,0.681
56.0,37.0,0.728
56.0,38.0,0.587
56.0,39.0,0.595
56.0,40.0,0.692
56.0,41.0,0.582
56.0,42.0,0.496
56.0,43.0,0.551
56.0,44.0,0.517
56.0,45.0,0.495
56.0,46.0,0.432
56.0,47.0,0.495
56.0,48.0,0.571
56.0,49.0,0.669
56.0,50.0,0.569
56.0,51.0,0.721
56.0,52.0,0.564
56.0,53.0,0.608
56.0,54.0,0.564
56.0,55.0,0.515
56.0,56.0,0.575
56.0,57.0,0.584
56.0,58.0,0.601
56.0,59.0,0.569
57.0,0.0,0.598
57.0,1.0,0.645
57.0,2.0,0.648
57.0,3.0,0.652
57.0,4.0,0.596
57.0,5.0,0.424
57.0,6.0,0.71
57.0,7.0,0.681
57.0,8.0,0.71
57.0,9.0,0.569
57.0,10.0,0.686
57.0,11.0,0.714
57.0,12.0,0.704
57.0,13.0,0.573
57.0,14.0,0.655
57.0,15.0,0.627
57.0,16.0,0.437
57.0,17.0,0.558
57.0,18.0,0.636
57.0,19.0,0.671
57.0,20.0,0.705
57.0,21.0,0.525
57.0,22.0,0.597
57.0,23.0,0.63
57.0,24.0,0.599
57.0,25.0,0.607
57.0,26.0,0.607
57.0,27.0,0.462
57.0,28.0,0.562
57.0,29.0,0.635
57.0,30.0,0.584
57.0,31.0,0.608
57.0,32.0,0.611
57.0,33.0,0.528
57.0,34.0,0.506
57.0,35.0,0.696
57.0,36.0,0.409
57.0,37.0,0.719
57.0,38.0,0.634
57.0,39.0,0.738
57.0,40.0,0.537
57.0,41.0,0.688
57.0,42.0,0.619
57.0,43.0,0.558
57.0,44.0,0.608
57.0,45.0,0.592
57.0,46.0,0.516
57.0,47.0,0.525
57.0,48.0,0.474
57.0,49.0,0.553
57.0,50.0,0.64
57.0,51.0,0.707
57.0,52.0,0.684
57.0,53.0,0.595
57.0,54.0,0.518
57.0,55.0,0.638
57.0,56.0,0.467
57.0,57.0,0.692
57.0,58.0,0.552
57.0,59.0,0.577
58.0,0.0,0.707
58.0,1.0,0.604
58.0,2.0,0.595
58.0,3.0,0.687
58.0,4.0,0.675
58.0,5.0,0.708
58.0,6.0,0.663
58.0,7.0,0.728
58.0,8.0,0.655
58.0,9.0,0.689
58.0,10.0,0.693
58.0,11.0,0.698
58.0,12.0,0.74
58.0,13.0,0.696
58.0,14.0,0.518
58.0,15.0,0.548
58.0,16.0,0.661
58.0,17.0,0.671
58.0,18.0,0.695
58.0,19.0,0.569
58.0,20.0,0.695
58.0,21.0,0.664
58.0,22.0,0.597
58.0,23.0,0.579
58.0,24.0,0.657
58.0,25.0,0.566
58.0,26.0,0.637
58.0,27.0,0.628
58.0,28.0,0.507
58.0,29.0,0.586
58.0,30.0,0.609
58.0,31.0,0.618
58.0,32.0,0.566
58.0,33.0,0.548
58.0,34.0,0.65
58.0,35.0,0.535
58.0,36.0,0.559
58.0,37.0,0.661
58.0,38.0,0.631
58.0,39.0,0.624
58.0,40.0,0.572
58.0,41.0,0.591
58.0,42.0,0.333
58.0,43.0,0.575
58.0,44.0,0.528
58.0,45.0,0.486
58.0,46.0,0.635
58.0,47.0,0.536
58.0,48.0,0.544
58.0,49.0,0.602
58.0,50.0,0.762
58.0,51.0,0.621
58.0,52.0,0.333
58.0,53.0,0.664
58.0,54.0,0.713
58.0,55.0,0.652
58.0,56.0,0.68
58.0,57.0,0.411
58.0,58.0,0.645
58.0,59.0,0.718
59.0,0.0,0.646
59.0,1.0,0.68
59.0,2.0,0.576
59.0,3.0,0.668
59.0,4.0,0.526
59.0,5.0,0.702
59.0,6.0,0.628
59.0,7.0,0.663
59.0,8.0,0.683
59.0,9.0,0.709
59.0,10.0,0.743
59.0,11.0,0.755
59.0,12.0,0.758
59.0,13.0,0.762
59.0,14.0,0.674
59.0,15.0,0.705
59.0,16.0,0.54
59.0,17.0,0.72
59.0,18.0,0.692
59.0,19.0,0.704
59.0,20.0,0.683
59.0,21.0,0.668
59.0,22.0,0.656
59.0,23.0,0.654
59.0,24.0,0.569
59.0,25.0,0.608
59.0,26.0,0.648
59.0,27.0,0.557
59.0,28.0,0.563
59.0,29.0,0.505
59.0,30.0,0.666
59.0,31.0,0.592
59.0,32.0,0.686
59.0,33.0,0.556
59.0,34.0,0.643
59.0,35.0,0.663
59.0,36.0,0.65
59.0,37.0,0.704
59.0,38.0,0.702
59.0,39.0,0.693
59.0,40.0,0.624
59.0,41.0,0.73
59.0,42.0,0.573
59.0,43.0,0.666
59.0,44.0,0.565
59.0,45.0,0.633
59.0,46.0,0.263
59.0,47.0,0.515
59.0,48.0,0.778
59.0,49.0,0.694
59.0,50.0,0.71
59.0,51.0,0.605
59.0,52.0,0.679
59.0,53.0,0.639
59.0,54.0,0.655
59.0,55.0,0.554
59.0,56.0,0.563
59.0,57.0,0.41
59.0,58.0,0.547
59.0,59.0,0.467
